customer_id,plan_type,monthly_usage_minutes,num_logins_last_30_days,num_support_tickets,subscription_price,churned,days_since_signup,days_since_last_login,engagement_score,cluster
CUST0001,Basic,166.6,6,3,29,1,729,615,86.3,1
CUST0002,Pro,209.6,7,0,59,0,1987,469,125.8,3
CUST0003,Basic,148.3,11,1,29,0,1475,974,102.15,3
CUST0004,Pro,183.1,7,1,59,0,1581,1296,107.55,3
CUST0005,Free,32.0,2,0,0,0,530,426,22.0,0
CUST0006,Enterprise,191.2,7,1,129,0,653,95,111.6,2
CUST0007,Free,72.2,1,0,0,0,1860,651,39.1,0
CUST0008,Basic,205.1,8,1,29,0,1174,1109,121.55,3
CUST0009,Free,67.5,2,0,0,0,1977,1786,39.75,0
CUST0010,Pro,226.6,11,0,59,0,1591,1115,146.3,3
CUST0011,Basic,224.4,15,0,29,0,1004,388,157.2,1
CUST0012,Pro,240.7,11,2,59,0,1984,835,143.35,3
CUST0013,Free,52.6,3,0,0,1,1631,165,35.3,0
CUST0014,Free,41.0,1,0,0,1,708,150,23.5,0
CUST0015,Pro,227.5,13,4,59,0,1179,728,132.75,3
CUST0016,Free,59.9,3,0,0,0,1119,550,38.95,0
CUST0017,Free,39.7,4,2,0,0,381,378,21.85,0
CUST0018,Basic,175.9,8,2,29,0,484,72,101.95,1
CUST0019,Enterprise,182.8,7,1,129,0,1712,283,107.4,2
CUST0020,Basic,187.4,11,1,29,0,1173,477,121.7,1
CUST0021,Basic,251.2,7,0,29,0,1469,1151,146.6,3
CUST0022,Basic,226.2,16,1,29,1,1598,35,156.1,1
CUST0023,Pro,224.4,13,1,59,0,1349,1140,146.2,3
CUST0024,Pro,163.1,15,1,59,0,1849,1071,121.55,3
CUST0025,Pro,207.5,11,0,59,1,1840,1105,136.75,3
CUST0026,Pro,210.4,12,0,59,0,303,127,141.2,1
CUST0027,Pro,164.3,12,2,59,0,802,532,108.15,1
CUST0028,Pro,219.7,11,1,59,0,386,364,137.85,1
CUST0029,Enterprise,226.4,11,2,129,0,544,74,136.2,2
CUST0030,Pro,192.8,8,1,59,1,940,813,115.4,3
CUST0031,Enterprise,193.3,8,2,129,0,46,22,110.65,2
CUST0032,Enterprise,221.4,12,0,129,0,1877,747,146.7,2
CUST0033,Enterprise,201.7,14,2,129,0,1438,151,132.85,2
CUST0034,Pro,165.7,15,3,59,0,772,402,112.85,1
CUST0035,Pro,165.4,5,0,59,0,856,660,97.7,1
CUST0036,Basic,155.0,8,0,29,0,596,525,101.5,1
CUST0037,Pro,173.2,10,0,59,0,1945,591,116.6,3
CUST0038,Free,40.0,1,0,0,0,1572,980,23.0,0
CUST0039,Pro,200.5,8,1,59,0,1875,124,119.25,3
CUST0040,Free,63.3,4,0,0,0,1562,1356,43.65,0
CUST0041,Basic,228.4,12,2,29,0,1260,691,140.2,3
CUST0042,Pro,238.0,3,3,59,0,1110,363,113.0,1
CUST0043,Basic,192.4,9,1,29,0,1705,947,118.2,3
CUST0044,Pro,162.6,10,1,59,0,1311,882,106.3,3
CUST0045,Pro,202.1,16,2,59,0,666,393,139.05,1
CUST0046,Enterprise,188.4,15,0,129,0,601,528,139.2,2
CUST0047,Free,58.4,1,1,0,1,791,141,27.200000000000003,0
CUST0048,Free,31.3,3,1,0,0,1688,595,19.65,0
CUST0049,Free,72.4,4,2,0,1,545,295,38.2,0
CUST0050,Pro,218.3,10,2,59,0,1704,758,129.15,3
CUST0051,Enterprise,191.9,11,1,129,0,1261,709,123.95,2
CUST0052,Pro,181.6,13,1,59,0,143,1,124.8,1
CUST0053,Basic,190.7,5,2,29,0,1589,187,100.35,3
CUST0054,Pro,224.1,12,0,59,1,1374,1260,148.05,3
CUST0055,Basic,234.6,13,0,29,0,1569,1504,156.3,3
CUST0056,Basic,185.7,9,0,29,0,390,229,119.85,1
CUST0057,Free,29.5,1,1,0,0,1217,669,12.75,0
CUST0058,Enterprise,198.6,9,1,129,1,1903,1471,121.3,2
CUST0059,Free,52.1,2,1,0,0,168,23,27.05,0
CUST0060,Pro,229.5,9,2,59,0,244,61,131.75,1
CUST0061,Enterprise,196.7,11,0,129,0,1394,959,131.35,2
CUST0062,Basic,229.3,11,4,29,0,696,185,127.65,1
CUST0063,Pro,222.3,14,0,59,0,1228,289,153.15,1
CUST0064,Pro,244.3,11,4,59,0,1746,1204,135.15,3
CUST0065,Free,57.8,7,0,0,1,1753,1248,49.9,0
CUST0066,Pro,209.1,7,1,59,0,513,244,120.55,1
CUST0067,Pro,246.5,10,3,59,0,509,210,138.25,1
CUST0068,Free,53.5,4,0,0,0,1161,344,38.75,0
CUST0069,Basic,164.5,15,2,29,0,1297,848,117.25,3
CUST0070,Pro,138.8,17,2,59,0,1755,712,110.4,3
CUST0071,Enterprise,138.0,11,0,129,0,1028,842,102.0,2
CUST0072,Free,47.3,1,1,0,0,491,467,21.65,0
CUST0073,Pro,261.7,6,0,59,0,275,219,148.85,1
CUST0074,Free,40.4,1,0,0,0,1725,440,23.2,0
CUST0075,Free,51.7,1,1,0,0,1711,89,23.85,0
CUST0076,Pro,131.5,15,2,59,0,645,213,100.75,1
CUST0077,Free,41.7,4,0,0,1,817,752,32.85,0
CUST0078,Pro,130.9,10,0,59,0,1250,469,95.45,3
CUST0079,Basic,175.7,9,1,29,0,818,339,109.85,1
CUST0080,Free,22.9,5,0,0,0,955,698,26.45,0
CUST0081,Pro,168.9,8,2,59,1,50,15,98.45,1
CUST0082,Pro,194.3,7,0,59,0,276,271,118.15,1
CUST0083,Free,32.2,2,0,0,0,645,528,22.1,0
CUST0084,Enterprise,174.1,5,3,129,0,642,93,87.05,2
CUST0085,Pro,203.0,11,1,59,0,501,365,129.5,1
CUST0086,Basic,222.5,10,0,29,0,464,136,141.25,1
CUST0087,Free,15.8,2,0,0,0,1342,1114,13.9,0
CUST0088,Free,58.0,4,1,0,0,1437,547,36.0,0
CUST0089,Basic,217.3,6,1,29,0,1715,786,121.65,3
CUST0090,Pro,193.9,6,0,59,0,2032,79,114.95,3
CUST0091,Free,66.3,5,0,0,0,560,291,48.15,0
CUST0092,Basic,231.0,12,1,29,0,48,16,146.5,1
CUST0093,Basic,207.1,11,0,29,0,478,387,136.55,1
CUST0094,Pro,223.1,10,1,59,0,999,65,136.55,1
CUST0095,Free,95.3,3,1,0,0,1821,39,51.65,0
CUST0096,Pro,212.1,6,4,59,0,758,453,104.05,1
CUST0097,Basic,146.6,6,2,29,1,315,56,81.3,1
CUST0098,Enterprise,244.9,11,2,129,0,791,588,145.45,2
CUST0099,Pro,247.8,9,2,59,1,1725,960,140.9,3
CUST0100,Pro,184.7,10,1,59,0,477,395,117.35,1
CUST0101,Pro,225.6,15,2,59,0,934,137,147.8,1
CUST0102,Basic,130.4,6,1,29,1,149,14,78.2,1
CUST0103,Basic,255.5,6,0,29,1,157,157,145.75,1
CUST0104,Basic,233.8,11,1,29,1,812,481,144.9,1
CUST0105,Free,127.1,2,0,0,0,1038,999,69.55,0
CUST0106,Basic,166.8,11,0,29,1,1809,1066,116.4,3
CUST0107,Enterprise,157.8,11,0,129,0,239,27,111.9,2
CUST0108,Pro,176.7,12,0,59,0,386,229,124.35,1
CUST0109,Pro,184.3,11,0,59,0,1548,1430,125.15,3
CUST0110,Pro,214.7,9,0,59,0,1545,384,134.35,3
CUST0111,Pro,209.8,9,2,59,0,99,89,121.9,1
CUST0112,Basic,162.5,8,2,29,0,1863,365,95.25,3
CUST0113,Enterprise,183.7,14,3,129,0,1043,902,118.85,2
CUST0114,Basic,212.0,11,0,29,0,36,2,139.0,1
CUST0115,Enterprise,161.3,8,1,129,0,470,406,99.65,2
CUST0116,Free,53.0,4,0,0,1,1776,425,38.5,0
CUST0117,Pro,248.6,12,2,59,0,1065,727,150.3,3
CUST0118,Free,97.1,2,0,0,0,1496,416,54.55,0
CUST0119,Basic,172.3,12,2,29,1,252,97,112.15,1
CUST0120,Pro,159.4,7,1,59,0,1172,739,95.7,3
CUST0121,Basic,149.3,13,0,29,0,136,85,113.65,1
CUST0122,Basic,229.6,12,1,29,0,578,259,145.8,1
CUST0123,Pro,218.7,9,1,59,1,1221,457,131.35,1
CUST0124,Basic,152.9,7,5,29,0,1141,82,72.45,1
CUST0125,Basic,212.9,7,1,29,0,1114,867,122.45,3
CUST0126,Free,56.2,8,0,0,0,1531,1071,52.1,0
CUST0127,Free,56.7,2,0,0,0,1907,1215,34.35,0
CUST0128,Pro,185.6,8,2,59,0,1995,791,106.8,3
CUST0129,Pro,221.4,8,1,59,0,904,669,129.7,1
CUST0130,Pro,201.4,9,1,59,0,833,608,122.7,1
CUST0131,Basic,169.8,7,0,29,1,2024,1879,105.9,3
CUST0132,Basic,168.5,9,0,29,1,589,529,111.25,1
CUST0133,Pro,195.0,10,0,59,1,1570,1432,127.5,3
CUST0134,Free,25.2,4,0,0,0,184,176,24.6,0
CUST0135,Free,30.9,2,2,0,0,278,109,11.45,0
CUST0136,Pro,235.7,12,1,59,0,1893,841,148.85,3
CUST0137,Basic,246.4,8,5,29,0,1551,981,122.2,3
CUST0138,Basic,253.9,9,2,29,0,668,171,143.95,1
CUST0139,Pro,95.6,11,2,59,0,1600,496,70.8,3
CUST0140,Pro,173.9,13,5,59,0,1768,287,100.95,3
CUST0141,Pro,195.0,8,0,59,0,123,11,121.5,1
CUST0142,Pro,204.4,10,1,59,1,869,279,127.2,1
CUST0143,Pro,222.6,10,0,59,0,1070,573,141.3,1
CUST0144,Basic,159.5,18,2,29,1,432,190,123.75,1
CUST0145,Pro,194.4,12,1,59,0,385,177,128.2,1
CUST0146,Free,37.9,6,0,0,0,1649,1456,36.95,0
CUST0147,Basic,222.0,9,2,29,0,1840,491,128.0,3
CUST0148,Pro,232.4,12,0,59,0,1156,431,152.2,1
CUST0149,Pro,193.3,16,2,59,1,1171,330,134.65,1
CUST0150,Basic,165.6,15,0,29,0,1082,972,127.8,3
CUST0151,Pro,228.5,7,5,59,0,659,559,110.25,1
CUST0152,Enterprise,189.7,11,1,129,0,1914,1090,122.85,2
CUST0153,Pro,159.3,10,1,59,0,547,200,104.65,1
CUST0154,Basic,190.5,9,0,29,0,399,344,122.25,1
CUST0155,Basic,152.5,13,1,29,0,1529,1137,110.25,3
CUST0156,Enterprise,222.8,6,3,129,0,1649,551,114.4,2
CUST0157,Basic,192.6,9,3,29,0,1120,833,108.3,3
CUST0158,Free,29.5,2,1,0,0,1174,799,15.75,0
CUST0159,Pro,211.8,13,1,59,1,1468,521,139.9,3
CUST0160,Basic,220.4,13,3,29,0,1527,1373,134.2,3
CUST0161,Free,19.1,5,3,0,0,1131,4,9.55,0
CUST0162,Free,34.1,0,0,0,0,1838,1735,17.05,0
CUST0163,Pro,228.0,9,2,59,1,703,150,131.0,1
CUST0164,Basic,226.2,9,3,29,0,326,319,125.1,1
CUST0165,Basic,244.3,12,2,29,0,54,49,148.15,1
CUST0166,Enterprise,241.4,7,1,129,1,141,81,136.7,2
CUST0167,Basic,133.0,11,2,29,0,1698,866,89.5,3
CUST0168,Basic,207.1,13,2,29,0,1044,59,132.55,1
CUST0169,Free,0.0,4,0,0,0,1601,780,12.0,0
CUST0170,Free,57.6,7,0,0,0,190,175,49.8,0
CUST0171,Free,71.8,0,0,0,0,1701,925,35.9,0
CUST0172,Enterprise,201.6,8,0,129,0,2034,17,124.8,2
CUST0173,Enterprise,204.2,14,2,129,0,1239,696,134.1,2
CUST0174,Free,63.6,2,2,0,0,141,25,27.8,0
CUST0175,Basic,194.3,10,2,29,1,1454,588,117.15,3
CUST0176,Pro,206.5,12,2,59,0,612,43,129.25,1
CUST0177,Pro,198.1,11,2,59,0,683,185,122.05,1
CUST0178,Pro,209.9,9,0,59,0,1721,1333,131.95,3
CUST0179,Free,17.1,3,0,0,0,1431,986,17.55,0
CUST0180,Free,6.8,1,1,0,0,55,52,1.4000000000000004,0
CUST0181,Basic,201.8,10,1,29,0,852,99,125.9,1
CUST0182,Basic,233.8,10,4,29,0,928,866,126.9,3
CUST0183,Free,72.8,2,1,0,0,507,347,37.4,0
CUST0184,Basic,208.4,7,2,29,0,1921,1819,115.2,3
CUST0185,Pro,170.3,9,0,59,0,842,354,112.15,1
CUST0186,Free,78.2,2,0,0,0,1009,68,45.1,0
CUST0187,Enterprise,241.9,10,5,129,0,292,21,125.95,2
CUST0188,Pro,197.7,9,2,59,0,1716,1600,115.85,3
CUST0189,Free,41.2,2,0,0,0,71,6,26.6,0
CUST0190,Free,87.4,3,0,0,0,1874,131,52.7,0
CUST0191,Pro,153.9,9,2,59,0,1658,1518,93.95,3
CUST0192,Basic,208.0,9,2,29,0,820,751,121.0,3
CUST0193,Pro,151.3,4,1,59,0,656,416,82.65,1
CUST0194,Free,66.9,1,0,0,0,1212,967,36.45,0
CUST0195,Pro,207.0,14,1,59,0,110,38,140.5,1
CUST0196,Pro,153.3,10,1,59,0,1534,349,101.65,3
CUST0197,Enterprise,216.2,7,0,129,0,821,781,129.1,2
CUST0198,Pro,172.4,8,2,59,0,770,687,100.2,1
CUST0199,Free,86.4,2,1,0,1,1180,23,44.2,0
CUST0200,Pro,204.3,12,1,59,0,968,645,133.15,1
CUST0201,Free,52.6,3,0,0,1,124,91,35.3,0
CUST0202,Basic,221.2,9,3,29,0,1620,249,122.6,3
CUST0203,Basic,216.1,11,0,29,1,572,251,141.05,1
CUST0204,Enterprise,173.0,10,1,129,0,1550,1007,111.5,2
CUST0205,Basic,188.8,4,0,29,1,1228,960,106.4,3
CUST0206,Basic,170.2,8,1,29,0,663,3,104.1,1
CUST0207,Free,95.9,1,1,0,0,1424,488,45.95,0
CUST0208,Enterprise,236.6,6,1,129,0,1391,1243,131.3,2
CUST0209,Free,54.8,5,0,0,1,2019,1081,42.4,0
CUST0210,Basic,200.1,7,3,29,0,766,190,106.05,1
CUST0211,Basic,188.3,7,0,29,0,1834,1684,115.15,3
CUST0212,Free,49.5,0,0,0,1,937,719,24.75,0
CUST0213,Pro,199.5,5,2,59,0,1002,731,104.75,3
CUST0214,Free,67.4,3,0,0,0,1767,1053,42.7,0
CUST0215,Pro,179.9,12,1,59,0,234,217,120.95,1
CUST0216,Enterprise,231.2,10,4,129,0,238,176,125.6,2
CUST0217,Free,52.7,1,0,0,1,1282,699,29.35,0
CUST0218,Free,101.7,1,2,0,0,1715,818,43.85,0
CUST0219,Basic,220.4,7,0,29,0,331,53,131.2,1
CUST0220,Pro,234.7,8,0,59,1,598,289,141.35,1
CUST0221,Free,68.2,2,1,0,0,786,117,35.1,0
CUST0222,Basic,239.3,13,4,29,0,955,947,138.65,3
CUST0223,Free,66.7,2,0,0,0,671,104,39.35,0
CUST0224,Enterprise,193.7,7,0,129,1,1425,67,117.85,2
CUST0225,Pro,225.8,15,3,59,0,1826,28,142.9,3
CUST0226,Pro,182.5,6,2,59,0,1763,1222,99.25,3
CUST0227,Free,74.4,4,0,0,0,1802,1583,49.2,0
CUST0228,Free,67.3,5,0,0,0,518,359,48.65,0
CUST0229,Free,43.7,4,0,0,0,1481,904,33.85,0
CUST0230,Pro,174.5,10,1,59,0,800,585,112.25,1
CUST0231,Free,46.4,1,0,0,1,569,218,26.2,0
CUST0232,Enterprise,212.6,9,3,129,0,1622,215,118.3,2
CUST0233,Pro,235.0,5,2,59,0,740,470,122.5,1
CUST0234,Basic,182.8,11,2,29,0,1003,503,114.4,1
CUST0235,Basic,233.5,10,0,29,0,1524,1420,146.75,3
CUST0236,Basic,180.5,5,5,29,0,1849,550,80.25,3
CUST0237,Pro,193.2,14,2,59,0,1171,605,128.6,3
CUST0238,Basic,171.2,14,1,29,1,1948,1941,122.6,3
CUST0239,Free,81.0,4,0,0,0,1355,1088,52.5,0
CUST0240,Pro,194.2,10,2,59,0,734,466,117.1,1
CUST0241,Free,73.0,2,0,0,0,1708,190,42.5,0
CUST0242,Free,86.8,3,0,0,1,1134,5,52.4,0
CUST0243,Free,34.2,2,0,0,0,593,156,23.1,0
CUST0244,Basic,199.6,15,4,29,0,890,881,124.8,3
CUST0245,Free,73.8,4,0,0,0,1809,1655,48.9,0
CUST0246,Free,12.4,2,0,0,0,103,15,12.2,0
CUST0247,Free,62.9,1,0,0,0,187,149,34.45,0
CUST0248,Basic,220.8,10,4,29,0,921,885,120.4,3
CUST0249,Basic,200.6,13,0,29,0,329,140,139.3,1
CUST0250,Free,28.2,1,0,0,1,846,281,17.1,0
CUST0251,Basic,209.7,7,2,29,0,1735,855,115.85,3
CUST0252,Basic,192.4,15,1,29,0,1777,1692,136.2,3
CUST0253,Pro,239.3,18,1,59,0,1407,661,168.65,3
CUST0254,Basic,183.0,11,2,29,0,197,187,114.5,1
CUST0255,Pro,180.7,6,0,59,1,198,107,108.35,1
CUST0256,Pro,230.9,6,1,59,1,1608,212,128.45,3
CUST0257,Pro,215.6,12,0,59,1,1527,162,143.8,1
CUST0258,Basic,200.2,6,2,29,1,1828,1104,108.1,3
CUST0259,Free,25.8,5,1,0,0,441,155,22.9,0
CUST0260,Basic,217.9,13,0,29,0,228,5,147.95,1
CUST0261,Pro,192.8,6,2,59,0,1206,890,104.4,3
CUST0262,Basic,189.0,14,2,29,0,143,83,126.5,1
CUST0263,Basic,186.1,8,2,29,0,268,185,107.05,1
CUST0264,Free,56.0,7,2,0,0,39,28,39.0,0
CUST0265,Basic,233.2,10,1,29,0,233,128,141.6,1
CUST0266,Free,46.4,4,2,0,0,1988,1621,25.200000000000003,0
CUST0267,Enterprise,171.9,14,1,129,0,530,190,122.95,2
CUST0268,Basic,232.6,5,0,29,0,436,226,131.3,1
CUST0269,Basic,151.8,8,0,29,1,396,54,99.9,1
CUST0270,Pro,223.4,12,1,59,0,269,142,142.7,1
CUST0271,Free,52.1,2,0,0,0,1492,1166,32.05,0
CUST0272,Enterprise,234.9,14,1,129,0,426,67,154.45,2
CUST0273,Basic,215.3,15,3,29,0,1817,1034,137.65,3
CUST0274,Basic,241.2,5,3,29,0,252,243,120.6,1
CUST0275,Basic,181.3,7,1,29,0,280,40,106.65,1
CUST0276,Free,55.8,3,1,0,0,1583,1175,31.9,0
CUST0277,Basic,190.7,13,1,29,1,366,131,129.35,1
CUST0278,Basic,177.4,5,0,29,0,1322,697,103.7,3
CUST0279,Basic,199.4,6,1,29,0,358,242,112.7,1
CUST0280,Enterprise,232.3,12,3,129,0,1582,1534,137.15,2
CUST0281,Pro,204.3,12,1,59,0,687,490,133.15,1
CUST0282,Free,31.6,2,0,0,0,1222,550,21.8,0
CUST0283,Enterprise,236.8,9,0,129,0,1468,1326,145.4,2
CUST0284,Enterprise,234.7,12,1,129,0,58,9,148.35,2
CUST0285,Free,49.0,3,0,0,0,1467,748,33.5,0
CUST0286,Basic,193.8,12,3,29,0,725,204,117.9,1
CUST0287,Basic,192.0,9,1,29,0,1220,122,118.0,1
CUST0288,Pro,243.0,12,0,59,0,1360,1304,157.5,3
CUST0289,Free,40.8,1,1,0,0,1802,6,18.4,0
CUST0290,Free,73.4,4,0,0,1,51,35,48.7,0
CUST0291,Basic,175.7,10,2,29,0,1673,484,107.85,3
CUST0292,Free,62.7,2,1,0,0,67,34,32.35,0
CUST0293,Enterprise,220.9,11,3,129,0,1960,1738,128.45,2
CUST0294,Basic,190.0,10,3,29,0,817,373,110.0,1
CUST0295,Basic,176.4,10,1,29,0,1331,689,113.2,3
CUST0296,Pro,181.4,10,4,59,0,1145,98,100.7,1
CUST0297,Basic,199.1,10,5,29,0,1802,1014,104.55,3
CUST0298,Free,33.0,4,0,0,1,196,49,28.5,0
CUST0299,Basic,207.7,9,0,29,0,1649,1128,130.85,3
CUST0300,Basic,231.4,10,3,29,0,1948,497,130.7,3
CUST0301,Pro,216.7,7,4,59,1,1145,1142,109.35,3
CUST0302,Basic,202.7,10,1,29,0,974,27,126.35,1
CUST0303,Pro,228.6,6,2,59,0,387,112,122.3,1
CUST0304,Enterprise,233.0,8,3,129,0,632,431,125.5,2
CUST0305,Pro,235.7,14,0,59,0,1293,410,159.85,1
CUST0306,Free,71.2,2,0,0,0,1895,535,41.6,0
CUST0307,Pro,200.9,8,3,59,0,153,69,109.45,1
CUST0308,Basic,218.3,8,2,29,0,762,441,123.15,1
CUST0309,Enterprise,192.1,7,2,129,0,680,553,107.05,2
CUST0310,Free,0.0,5,1,0,1,564,257,10.0,0
CUST0311,Pro,207.1,10,1,59,0,1000,684,128.55,3
CUST0312,Free,91.1,2,1,0,0,673,255,46.55,0
CUST0313,Basic,190.2,14,1,29,0,1370,546,132.1,3
CUST0314,Free,54.7,3,2,0,1,611,309,26.35,0
CUST0315,Basic,198.0,9,1,29,0,903,773,121.0,3
CUST0316,Pro,259.5,12,0,59,0,1646,785,165.75,3
CUST0317,Pro,195.8,17,1,59,0,677,289,143.9,1
CUST0318,Basic,186.5,9,4,29,0,651,473,100.25,1
CUST0319,Basic,191.8,12,1,29,0,778,196,126.9,1
CUST0320,Pro,211.0,8,2,59,1,1422,591,119.5,3
CUST0321,Free,33.7,2,1,0,0,916,63,17.85,0
CUST0322,Basic,195.1,9,1,29,0,2038,1416,119.55,3
CUST0323,Free,66.1,5,1,0,0,1451,1021,43.05,0
CUST0324,Pro,198.7,13,1,59,0,1158,499,133.35,1
CUST0325,Pro,135.2,9,1,59,1,1086,182,89.6,1
CUST0326,Pro,207.7,10,1,59,0,1133,696,128.85,3
CUST0327,Free,100.1,1,4,0,1,992,508,33.05,0
CUST0328,Free,46.8,2,0,0,0,413,6,29.4,0
CUST0329,Pro,166.7,13,2,59,0,531,358,112.35,1
CUST0330,Enterprise,207.4,8,2,129,0,689,603,117.7,2
CUST0331,Free,24.9,3,0,0,0,1457,402,21.45,0
CUST0332,Free,112.7,4,0,0,0,679,31,68.35,0
CUST0333,Basic,213.4,7,1,29,0,770,427,122.7,1
CUST0334,Enterprise,211.1,7,6,129,0,1847,171,96.55,2
CUST0335,Pro,221.6,12,2,59,0,89,59,136.8,1
CUST0336,Free,11.2,3,0,0,0,661,344,14.6,0
CUST0337,Pro,185.9,9,2,59,0,1578,1171,109.95,3
CUST0338,Basic,208.0,9,4,29,0,1737,1687,111.0,3
CUST0339,Free,0.0,2,1,0,0,1944,1443,1.0,0
CUST0340,Free,76.8,0,0,0,0,1065,916,38.4,0
CUST0341,Pro,153.8,11,1,59,0,1106,258,104.9,1
CUST0342,Pro,259.5,9,2,59,0,224,63,146.75,1
CUST0343,Free,76.6,1,0,0,1,860,661,41.3,0
CUST0344,Basic,187.4,9,2,29,0,567,174,110.7,1
CUST0345,Pro,146.6,9,0,59,0,1026,208,100.3,1
CUST0346,Free,59.6,2,1,0,0,1539,1237,30.8,0
CUST0347,Basic,220.4,9,2,29,0,695,690,127.2,1
CUST0348,Basic,165.5,9,1,29,0,210,18,104.75,1
CUST0349,Pro,214.4,11,2,59,0,276,222,130.2,1
CUST0350,Basic,182.9,9,3,29,1,444,227,103.45,1
CUST0351,Pro,220.0,8,0,59,0,1590,1230,134.0,3
CUST0352,Basic,212.6,12,3,29,0,392,36,127.3,1
CUST0353,Pro,178.6,19,1,59,0,978,503,141.3,1
CUST0354,Basic,243.3,19,3,29,0,1936,795,163.65,3
CUST0355,Basic,170.1,14,1,29,1,1528,1280,122.05,3
CUST0356,Pro,191.6,13,4,59,0,1104,831,114.8,3
CUST0357,Free,0.0,3,1,0,0,397,160,4.0,0
CUST0358,Pro,212.3,8,2,59,0,671,128,120.15,1
CUST0359,Enterprise,241.6,11,2,129,0,894,285,143.8,2
CUST0360,Free,84.4,2,0,0,0,1389,483,48.2,0
CUST0361,Enterprise,193.1,12,1,129,0,784,48,127.55,2
CUST0362,Free,22.3,2,0,0,0,212,83,17.15,0
CUST0363,Enterprise,178.3,8,3,129,0,1165,43,98.15,2
CUST0364,Enterprise,205.3,7,2,129,0,1125,800,113.65,2
CUST0365,Basic,193.6,11,2,29,0,515,29,119.8,1
CUST0366,Free,58.3,4,2,0,0,1117,587,31.15,0
CUST0367,Basic,206.8,15,1,29,0,499,373,143.4,1
CUST0368,Free,38.9,4,0,0,0,318,177,31.45,0
CUST0369,Pro,176.5,8,0,59,0,470,72,112.25,1
CUST0370,Pro,179.3,11,0,59,1,971,475,122.65,1
CUST0371,Pro,215.0,16,0,59,0,755,511,155.5,1
CUST0372,Pro,214.2,12,0,59,0,1476,576,143.1,3
CUST0373,Enterprise,232.2,8,3,129,0,1880,419,125.1,2
CUST0374,Free,120.9,5,1,0,0,1453,973,70.45,0
CUST0375,Free,50.8,1,1,0,1,1482,795,23.4,0
CUST0376,Basic,142.4,11,0,29,0,1384,278,104.2,1
CUST0377,Free,66.3,4,0,0,0,1873,1590,45.15,0
CUST0378,Basic,168.8,10,3,29,1,1730,1257,99.4,3
CUST0379,Enterprise,165.6,14,1,129,0,1254,942,119.8,2
CUST0380,Free,9.1,7,1,0,0,592,373,20.55,0
CUST0381,Free,53.4,1,0,0,0,1907,1058,29.7,0
CUST0382,Pro,252.3,7,0,59,0,1204,527,147.15,3
CUST0383,Basic,157.5,7,3,29,0,927,450,84.75,1
CUST0384,Basic,218.0,12,0,29,0,1187,1060,145.0,3
CUST0385,Basic,209.8,10,1,29,0,1615,755,129.9,3
CUST0386,Free,77.7,4,0,0,0,1241,45,50.85,0
CUST0387,Free,128.6,3,1,0,1,101,12,68.3,0
CUST0388,Pro,166.6,14,2,59,0,1998,244,115.3,3
CUST0389,Pro,197.3,4,2,59,0,235,40,100.65,1
CUST0390,Pro,230.7,9,1,59,0,859,470,137.35,1
CUST0391,Free,86.0,4,0,0,0,1062,1050,55.0,0
CUST0392,Free,35.2,5,0,0,0,108,63,32.6,0
CUST0393,Basic,208.1,11,3,29,0,1427,629,122.05,3
CUST0394,Pro,245.4,12,0,59,1,291,77,158.7,1
CUST0395,Pro,205.9,11,3,59,0,936,171,120.95,1
CUST0396,Pro,209.3,8,1,59,0,534,309,123.65,1
CUST0397,Basic,200.5,7,2,29,0,1039,590,111.25,3
CUST0398,Pro,227.1,8,2,59,0,1480,588,127.55,3
CUST0399,Free,67.9,2,1,0,1,1044,985,34.95,0
CUST0400,Pro,171.5,7,2,59,0,1242,554,96.75,3
CUST0401,Free,60.5,0,1,0,1,669,255,25.25,0
CUST0402,Pro,153.1,14,1,59,0,555,386,113.55,1
CUST0403,Enterprise,234.8,6,2,129,0,317,78,125.4,2
CUST0404,Pro,175.7,7,3,59,0,155,123,93.85,1
CUST0405,Pro,260.4,14,3,59,0,30,11,157.2,1
CUST0406,Basic,230.7,7,3,29,0,945,918,121.35,3
CUST0407,Enterprise,218.8,11,2,129,0,181,81,132.4,2
CUST0408,Enterprise,226.6,6,3,129,0,826,249,116.3,2
CUST0409,Pro,163.8,12,2,59,0,681,654,107.9,1
CUST0410,Pro,211.2,11,4,59,0,1867,551,118.6,3
CUST0411,Free,0.4,4,0,0,0,1161,884,12.2,0
CUST0412,Free,66.2,7,1,0,1,263,27,49.1,0
CUST0413,Enterprise,208.7,10,0,129,0,1666,1564,134.35,2
CUST0414,Free,52.2,5,0,0,0,1506,730,41.1,0
CUST0415,Free,0.0,1,0,0,1,1368,935,3.0,0
CUST0416,Pro,193.1,19,1,59,0,1107,438,148.55,1
CUST0417,Free,35.4,3,0,0,1,1347,571,26.7,0
CUST0418,Free,39.4,2,0,0,0,1469,606,25.7,0
CUST0419,Basic,240.6,6,1,29,0,1522,1355,133.3,3
CUST0420,Free,58.5,1,0,0,0,1075,1036,32.25,0
CUST0421,Pro,196.5,10,4,59,0,504,228,108.25,1
CUST0422,Pro,180.9,9,2,59,0,1932,1216,107.45,3
CUST0423,Pro,228.5,9,2,59,0,1579,248,131.25,3
CUST0424,Enterprise,189.0,6,2,129,0,1898,299,102.5,2
CUST0425,Basic,244.3,6,0,29,0,78,73,140.15,1
CUST0426,Free,15.0,2,2,0,0,494,479,3.5,0
CUST0427,Basic,184.0,5,2,29,0,94,63,97.0,1
CUST0428,Free,85.9,2,0,0,0,1630,1589,48.95,0
CUST0429,Pro,216.0,12,1,59,0,766,610,139.0,1
CUST0430,Basic,236.9,15,1,29,0,1550,1292,158.45,3
CUST0431,Enterprise,132.9,13,1,129,0,1069,835,100.45,2
CUST0432,Enterprise,136.4,13,1,129,0,883,660,102.2,2
CUST0433,Free,54.2,4,0,0,0,1086,562,39.1,0
CUST0434,Basic,136.1,14,0,29,0,468,280,110.05,1
CUST0435,Free,57.5,1,0,0,1,1695,455,31.75,0
CUST0436,Basic,173.2,12,1,29,0,795,30,117.6,1
CUST0437,Basic,194.7,4,3,29,0,567,450,94.35,1
CUST0438,Free,70.1,6,3,0,0,446,27,38.05,0
CUST0439,Free,79.7,4,0,0,0,1703,1066,51.85,0
CUST0440,Basic,231.2,7,1,29,0,1817,632,131.6,3
CUST0441,Free,17.1,4,1,0,1,1986,84,15.55,0
CUST0442,Basic,209.0,13,0,29,0,1400,221,143.5,1
CUST0443,Pro,148.8,15,1,59,0,651,267,114.4,1
CUST0444,Free,3.4,3,1,0,0,1226,820,5.699999999999999,0
CUST0445,Basic,223.4,9,0,29,0,1883,671,138.7,3
CUST0446,Enterprise,151.3,8,4,129,1,624,376,79.65,2
CUST0447,Basic,214.0,5,1,29,1,1830,403,117.0,3
CUST0448,Free,65.2,1,1,0,0,456,302,30.6,0
CUST0449,Basic,147.7,16,3,29,0,297,236,106.85,1
CUST0450,Free,67.5,1,0,0,0,408,119,36.75,0
CUST0451,Pro,214.6,9,2,59,0,436,415,124.3,1
CUST0452,Pro,153.6,8,0,59,0,1327,236,100.8,1
CUST0453,Basic,186.5,9,2,29,0,1161,403,110.25,1
CUST0454,Enterprise,216.6,12,0,129,0,1897,861,144.3,2
CUST0455,Basic,213.6,19,1,29,0,712,363,158.8,1
CUST0456,Free,20.5,3,0,0,0,2013,274,19.25,0
CUST0457,Basic,212.1,11,1,29,0,1178,175,134.05,1
CUST0458,Basic,212.8,12,0,29,0,1822,935,142.4,3
CUST0459,Free,59.5,0,0,0,0,71,25,29.75,0
CUST0460,Pro,190.0,10,3,59,1,737,267,110.0,1
CUST0461,Enterprise,206.8,11,3,129,0,590,434,121.4,2
CUST0462,Pro,220.8,10,1,59,1,1147,787,135.4,3
CUST0463,Free,48.3,3,0,0,0,536,2,33.15,0
CUST0464,Free,86.6,7,0,0,1,61,20,64.3,0
CUST0465,Free,99.5,3,1,0,0,1485,224,53.75,0
CUST0466,Basic,232.1,9,0,29,0,383,108,143.05,1
CUST0467,Pro,174.8,11,1,59,0,452,205,115.4,1
CUST0468,Enterprise,193.3,6,3,129,0,1086,194,99.65,2
CUST0469,Basic,189.2,11,2,29,0,347,44,117.6,1
CUST0470,Basic,197.6,8,2,29,0,1489,829,112.8,3
CUST0471,Free,86.3,2,2,0,0,294,169,39.15,0
CUST0472,Basic,191.9,14,0,29,0,337,293,137.95,1
CUST0473,Free,0.0,3,0,0,1,1467,544,9.0,0
CUST0474,Pro,188.8,6,1,59,0,1539,3,107.4,1
CUST0475,Pro,247.0,7,2,59,0,1087,311,134.5,1
CUST0476,Free,24.2,4,1,0,0,1350,1292,19.1,0
CUST0477,Pro,242.0,8,1,59,1,1026,361,140.0,1
CUST0478,Enterprise,165.7,13,2,129,0,1666,668,111.85,2
CUST0479,Pro,153.9,8,1,59,1,1604,878,95.95,3
CUST0480,Pro,143.6,13,1,59,0,405,273,105.8,1
CUST0481,Free,21.4,3,0,0,1,1341,769,19.7,0
CUST0482,Pro,179.7,14,3,59,0,236,84,116.85,1
CUST0483,Basic,227.5,7,1,29,0,602,320,129.75,1
CUST0484,Free,27.0,1,0,0,1,900,890,16.5,0
CUST0485,Free,24.6,4,0,0,0,980,10,24.3,0
CUST0486,Free,87.5,3,0,0,0,1647,1472,52.75,0
CUST0487,Enterprise,248.7,10,0,129,0,1544,70,154.35,2
CUST0488,Basic,258.5,15,0,29,0,1206,206,174.25,1
CUST0489,Free,107.0,6,0,0,0,901,125,71.5,0
CUST0490,Pro,207.3,11,0,59,0,1546,132,136.65,1
CUST0491,Basic,220.0,8,0,29,0,1063,58,134.0,1
CUST0492,Enterprise,258.2,11,3,129,0,1121,1086,147.1,2
CUST0493,Pro,161.1,11,0,59,0,1848,1246,113.55,3
CUST0494,Basic,177.3,11,1,29,0,1585,757,116.65,3
CUST0495,Free,92.6,5,0,0,0,622,373,61.3,0
CUST0496,Pro,125.4,8,1,59,0,1411,52,81.7,1
CUST0497,Pro,231.1,14,2,59,0,847,470,147.55,1
CUST0498,Free,74.6,3,0,0,1,1069,365,46.3,0
CUST0499,Free,126.6,1,0,0,0,1167,40,66.3,0
CUST0500,Basic,180.7,10,2,29,0,1361,641,110.35,3
CUST0501,Pro,174.9,13,2,59,0,599,135,116.45,1
CUST0502,Free,17.6,4,0,0,0,1484,857,20.8,0
CUST0503,Pro,169.2,12,2,59,1,1524,1052,110.6,3
CUST0504,Free,86.9,3,0,0,0,1791,314,52.45,0
CUST0505,Basic,213.7,8,0,29,1,1644,998,130.85,3
CUST0506,Basic,170.6,9,2,29,0,1794,273,102.3,3
CUST0507,Enterprise,212.0,6,2,129,0,941,161,114.0,2
CUST0508,Free,53.9,2,0,0,0,625,436,32.95,0
CUST0509,Basic,229.9,11,2,29,0,1646,1203,137.95,3
CUST0510,Enterprise,207.6,9,0,129,0,526,31,130.8,2
CUST0511,Basic,177.3,16,2,29,0,1472,265,126.65,3
CUST0512,Pro,205.2,13,2,59,1,38,5,131.6,1
CUST0513,Enterprise,216.8,10,5,129,1,816,527,113.4,2
CUST0514,Free,25.6,2,0,0,0,30,27,18.8,0
CUST0515,Basic,203.9,15,0,29,0,333,234,146.95,1
CUST0516,Free,32.3,7,1,0,0,1432,967,32.15,0
CUST0517,Enterprise,268.2,7,1,129,0,1299,932,150.1,2
CUST0518,Pro,226.7,13,1,59,0,1419,1391,147.35,3
CUST0519,Basic,188.4,7,0,29,0,588,42,115.2,1
CUST0520,Basic,187.6,10,1,29,0,1779,1218,118.8,3
CUST0521,Free,53.8,4,0,0,0,1945,1834,38.9,0
CUST0522,Free,28.0,2,2,0,0,905,606,10.0,0
CUST0523,Free,0.9,4,0,0,0,610,481,12.45,0
CUST0524,Free,53.6,0,1,0,0,732,230,21.8,0
CUST0525,Basic,189.2,8,0,29,1,1828,41,118.6,3
CUST0526,Basic,198.1,12,1,29,0,2013,838,130.05,3
CUST0527,Free,68.6,3,0,0,0,1456,495,43.3,0
CUST0528,Pro,231.2,7,2,59,0,1058,156,126.6,1
CUST0529,Basic,183.4,11,2,29,0,1341,964,114.7,3
CUST0530,Free,98.0,3,1,0,0,61,58,53.0,0
CUST0531,Basic,182.5,12,1,29,0,1521,543,122.25,3
CUST0532,Basic,164.8,6,2,29,0,1805,122,90.4,3
CUST0533,Free,86.1,4,1,0,0,1905,1085,50.05,0
CUST0534,Free,31.3,3,0,0,0,1031,880,24.65,0
CUST0535,Basic,229.8,16,1,29,0,857,213,157.9,1
CUST0536,Basic,172.8,9,1,29,0,633,579,108.4,1
CUST0537,Pro,228.1,11,3,59,0,1728,1423,132.05,3
CUST0538,Free,55.5,1,0,0,0,377,89,30.75,0
CUST0539,Basic,257.6,5,0,29,0,95,57,143.8,1
CUST0540,Free,13.3,3,1,0,1,1864,1356,10.65,0
CUST0541,Enterprise,196.8,11,4,129,1,1796,654,111.4,2
CUST0542,Free,80.0,3,0,0,1,473,260,49.0,0
CUST0543,Basic,166.0,8,0,29,1,797,187,107.0,1
CUST0544,Pro,222.8,16,4,59,0,419,103,139.4,1
CUST0545,Pro,215.9,7,1,59,0,1576,506,123.95,3
CUST0546,Pro,248.7,7,1,59,0,1259,337,140.35,1
CUST0547,Enterprise,240.2,9,0,129,0,178,65,147.1,2
CUST0548,Free,29.2,4,2,0,0,1430,225,16.6,0
CUST0549,Pro,204.5,8,2,59,0,1160,535,116.25,3
CUST0550,Pro,210.9,14,2,59,0,874,239,137.45,1
CUST0551,Pro,195.7,14,3,59,1,1915,667,124.85,3
CUST0552,Free,60.2,1,0,0,1,72,60,33.1,0
CUST0553,Basic,210.2,10,2,29,0,98,1,125.1,1
CUST0554,Pro,190.0,12,3,59,0,1613,332,116.0,3
CUST0555,Pro,232.0,8,2,59,0,1606,1065,130.0,3
CUST0556,Free,93.6,0,0,0,1,686,603,46.8,0
CUST0557,Basic,159.0,10,3,29,1,1717,1226,94.5,3
CUST0558,Free,12.4,1,0,0,0,1683,553,9.2,0
CUST0559,Basic,181.3,13,1,29,0,1885,1565,124.65,3
CUST0560,Pro,217.5,10,4,59,0,2033,1197,118.75,3
CUST0561,Free,7.7,0,2,0,0,1116,154,0.0,0
CUST0562,Free,37.7,1,1,0,0,1442,1376,16.85,0
CUST0563,Basic,163.0,11,0,29,0,1564,974,114.5,3
CUST0564,Enterprise,155.3,7,0,129,0,591,302,98.65,2
CUST0565,Basic,182.8,9,3,29,0,599,135,103.4,1
CUST0566,Basic,232.8,7,2,29,0,1893,486,127.4,3
CUST0567,Basic,219.9,8,0,29,0,1560,1019,133.95,3
CUST0568,Free,33.4,1,0,0,0,425,20,19.7,0
CUST0569,Free,0.0,4,1,0,0,758,155,7.0,0
CUST0570,Free,13.1,2,0,0,0,684,482,12.55,0
CUST0571,Free,64.6,1,1,0,1,1168,933,30.3,0
CUST0572,Free,36.0,1,0,0,1,923,693,21.0,0
CUST0573,Enterprise,195.1,8,1,129,0,712,560,116.55,2
CUST0574,Free,56.4,2,0,0,1,178,110,34.2,0
CUST0575,Pro,170.2,10,1,59,0,346,274,110.1,1
CUST0576,Free,62.6,3,0,0,0,1892,1770,40.3,0
CUST0577,Enterprise,212.1,9,1,129,0,1699,76,128.05,2
CUST0578,Free,33.5,5,0,0,0,1409,191,31.75,0
CUST0579,Pro,170.9,11,1,59,0,505,83,113.45,1
CUST0580,Free,38.1,4,1,0,0,873,578,26.05,0
CUST0581,Pro,190.2,12,1,59,0,1139,885,126.1,3
CUST0582,Pro,224.0,7,0,59,0,1079,457,133.0,1
CUST0583,Free,49.8,1,1,0,1,605,193,22.9,0
CUST0584,Free,43.5,5,0,0,1,108,74,36.75,0
CUST0585,Basic,239.8,12,1,29,0,1014,462,150.9,1
CUST0586,Basic,180.4,7,2,29,1,1027,131,101.2,1
CUST0587,Basic,134.1,15,2,29,0,1874,650,102.05,3
CUST0588,Pro,195.1,9,5,59,0,1957,136,99.55,3
CUST0589,Basic,183.4,12,1,29,0,1154,494,122.7,1
CUST0590,Basic,258.2,7,2,29,1,802,546,140.1,1
CUST0591,Pro,197.4,10,2,59,0,1986,1799,118.7,3
CUST0592,Free,66.4,1,0,0,1,1570,190,36.2,0
CUST0593,Free,78.8,3,1,0,1,326,32,43.4,0
CUST0594,Basic,213.9,8,0,29,1,836,815,130.95,3
CUST0595,Free,80.2,4,1,0,1,472,128,47.1,0
CUST0596,Pro,183.5,7,0,59,0,356,219,112.75,1
CUST0597,Basic,165.0,7,1,29,1,858,817,98.5,3
CUST0598,Pro,215.6,10,0,59,0,476,89,137.8,1
CUST0599,Free,59.3,3,1,0,1,1680,717,33.65,0
CUST0600,Enterprise,143.3,13,0,129,0,976,309,110.65,2
CUST0601,Pro,192.5,10,1,59,0,1133,564,121.25,3
CUST0602,Free,125.0,1,1,0,0,1667,469,60.5,0
CUST0603,Basic,216.5,15,2,29,0,1146,139,143.25,1
CUST0604,Basic,194.2,15,2,29,0,54,49,132.1,1
CUST0605,Enterprise,271.7,7,1,129,0,1076,364,151.85,2
CUST0606,Pro,211.3,7,2,59,0,1202,520,116.65,3
CUST0607,Free,47.6,3,0,0,0,1381,9,32.8,0
CUST0608,Basic,182.6,8,0,29,0,1824,68,115.3,3
CUST0609,Free,98.0,3,1,0,0,1709,1034,53.0,0
CUST0610,Enterprise,224.1,15,1,129,0,1195,181,152.05,2
CUST0611,Pro,221.0,5,2,59,0,1448,92,115.5,1
CUST0612,Pro,284.4,16,0,59,0,103,52,190.2,1
CUST0613,Pro,228.9,11,1,59,1,372,91,142.45,1
CUST0614,Pro,192.9,12,0,59,0,1963,1032,132.45,3
CUST0615,Basic,216.9,10,1,29,0,1858,1214,133.45,3
CUST0616,Free,10.3,3,0,0,0,1522,860,14.15,0
CUST0617,Pro,225.8,9,0,59,1,1801,219,139.9,3
CUST0618,Pro,202.4,16,2,59,0,1211,158,139.2,1
CUST0619,Pro,217.9,12,1,59,0,349,349,139.95,1
CUST0620,Enterprise,182.3,11,3,129,1,692,137,109.15,2
CUST0621,Free,84.4,4,0,0,0,1092,246,54.2,0
CUST0622,Basic,176.7,6,1,29,0,1927,1543,101.35,3
CUST0623,Pro,209.2,12,2,59,0,977,607,130.6,1
CUST0624,Pro,167.1,12,2,59,0,763,253,109.55,1
CUST0625,Enterprise,218.6,10,3,129,1,758,306,124.3,2
CUST0626,Basic,249.2,4,2,29,0,482,456,126.6,1
CUST0627,Basic,144.1,10,1,29,0,1622,1076,97.05,3
CUST0628,Free,53.4,3,0,0,1,914,780,35.7,0
CUST0629,Basic,199.7,10,1,29,0,139,66,124.85,1
CUST0630,Pro,209.2,8,0,59,0,1141,149,128.6,1
CUST0631,Pro,197.1,11,0,59,0,1790,1731,131.55,3
CUST0632,Free,16.8,5,2,0,0,45,5,13.4,0
CUST0633,Enterprise,200.3,9,1,129,0,792,547,122.15,2
CUST0634,Free,66.8,3,0,0,0,585,423,42.4,0
CUST0635,Free,64.8,2,0,0,1,1402,274,38.4,0
CUST0636,Enterprise,114.4,8,1,129,0,2010,879,76.2,2
CUST0637,Enterprise,201.4,9,2,129,0,1203,1013,117.7,2
CUST0638,Basic,216.8,9,4,29,0,1578,1346,115.4,3
CUST0639,Pro,208.3,11,1,59,0,1093,853,132.15,3
CUST0640,Basic,200.3,9,2,29,0,712,555,117.15,1
CUST0641,Pro,177.2,10,0,59,0,1018,63,118.6,1
CUST0642,Basic,178.4,6,3,29,0,571,273,92.2,1
CUST0643,Basic,229.9,18,3,29,0,996,274,153.95,1
CUST0644,Basic,191.4,12,1,29,0,1479,629,126.7,3
CUST0645,Basic,159.2,10,0,29,0,329,82,109.6,1
CUST0646,Enterprise,167.6,9,2,129,0,31,1,100.8,2
CUST0647,Pro,176.6,12,2,59,0,1539,604,114.3,3
CUST0648,Free,56.1,3,1,0,0,910,762,32.05,0
CUST0649,Basic,224.4,6,1,29,0,1253,863,125.2,3
CUST0650,Pro,265.6,7,4,59,0,151,21,133.8,1
CUST0651,Basic,201.3,14,1,29,0,510,60,137.65,1
CUST0652,Pro,147.6,8,2,59,0,1759,1617,87.8,3
CUST0653,Basic,228.0,12,1,29,0,1473,624,145.0,3
CUST0654,Basic,232.9,8,1,29,1,1342,303,135.45,1
CUST0655,Basic,209.7,3,1,29,0,1491,1486,108.85,3
CUST0656,Basic,268.3,8,1,29,1,1459,848,153.15,3
CUST0657,Pro,181.9,13,3,59,0,323,23,114.95,1
CUST0658,Basic,209.5,5,1,29,0,851,176,114.75,1
CUST0659,Pro,185.0,5,2,59,0,1036,732,97.5,3
CUST0660,Pro,213.2,11,0,59,0,1124,21,139.6,1
CUST0661,Free,37.8,5,1,0,0,1047,341,28.9,0
CUST0662,Basic,181.5,8,0,29,0,1358,228,114.75,1
CUST0663,Pro,214.6,11,4,59,0,476,198,120.3,1
CUST0664,Pro,232.2,12,0,59,0,1266,334,152.1,1
CUST0665,Basic,206.0,8,0,29,1,128,46,127.0,1
CUST0666,Basic,218.3,10,3,29,0,258,162,124.15,1
CUST0667,Free,40.3,5,1,0,0,30,8,30.15,0
CUST0668,Basic,203.3,7,0,29,0,1549,378,122.65,3
CUST0669,Enterprise,216.6,9,1,129,0,1254,776,130.3,2
CUST0670,Basic,220.4,7,0,29,0,285,75,131.2,1
CUST0671,Basic,202.9,13,1,29,0,1949,1298,135.45,3
CUST0672,Free,32.2,5,0,0,0,513,29,31.1,0
CUST0673,Free,75.5,3,1,0,0,594,204,41.75,0
CUST0674,Pro,212.5,14,1,59,1,1248,937,143.25,3
CUST0675,Free,14.2,2,0,0,1,1024,949,13.1,0
CUST0676,Free,58.6,4,1,0,0,1780,752,36.3,0
CUST0677,Pro,244.0,8,2,59,0,61,24,136.0,1
CUST0678,Basic,216.2,11,2,29,0,1359,1154,131.1,3
CUST0679,Pro,198.5,8,1,59,0,248,32,118.25,1
CUST0680,Free,64.7,2,0,0,0,1137,933,38.35,0
CUST0681,Free,90.4,4,0,0,0,961,29,57.2,0
CUST0682,Pro,162.2,11,1,59,0,1103,1072,109.1,3
CUST0683,Pro,167.3,13,3,59,0,559,412,107.65,1
CUST0684,Basic,223.8,8,2,29,1,1199,883,125.9,3
CUST0685,Pro,197.0,8,2,59,0,1885,924,112.5,3
CUST0686,Free,48.3,2,1,0,0,438,303,25.15,0
CUST0687,Basic,173.1,8,1,29,0,1345,69,105.55,1
CUST0688,Pro,206.6,10,0,59,1,620,213,133.3,1
CUST0689,Enterprise,184.8,5,2,129,0,708,626,97.4,2
CUST0690,Enterprise,174.5,11,0,129,1,294,126,120.25,2
CUST0691,Pro,189.8,3,4,59,0,293,20,83.9,1
CUST0692,Pro,194.8,6,1,59,0,1260,612,110.4,3
CUST0693,Basic,199.8,13,3,29,0,755,20,123.9,1
CUST0694,Pro,204.7,9,0,59,0,221,27,129.35,1
CUST0695,Pro,178.0,12,1,59,1,1039,966,120.0,3
CUST0696,Pro,179.9,14,1,59,0,774,704,126.95,1
CUST0697,Free,14.9,1,0,0,1,1558,266,10.45,0
CUST0698,Basic,268.2,12,2,29,0,637,343,160.1,1
CUST0699,Pro,190.8,12,1,59,0,1573,44,126.4,1
CUST0700,Basic,236.0,10,4,29,0,1853,965,128.0,3
CUST0701,Free,1.5,6,0,0,0,35,29,18.75,0
CUST0702,Pro,193.1,9,0,59,0,481,157,123.55,1
CUST0703,Basic,205.9,9,0,29,1,597,495,129.95,1
CUST0704,Pro,212.0,8,0,59,1,1130,790,130.0,3
CUST0705,Free,12.3,5,0,0,0,617,311,21.15,0
CUST0706,Enterprise,221.9,9,1,129,0,188,181,132.95,2
CUST0707,Free,6.7,0,2,0,0,1944,1280,0.0,0
CUST0708,Free,35.5,3,1,0,0,408,380,21.75,0
CUST0709,Pro,170.2,9,3,59,1,1438,704,97.1,3
CUST0710,Pro,156.6,13,2,59,1,1271,389,107.3,3
CUST0711,Free,53.8,2,1,0,0,1740,1240,27.9,0
CUST0712,Free,14.7,4,0,0,0,951,530,19.35,0
CUST0713,Basic,206.3,10,1,29,0,879,181,128.15,1
CUST0714,Free,35.3,4,0,0,0,415,323,29.65,0
CUST0715,Free,65.6,4,0,0,0,1690,1332,44.8,0
CUST0716,Free,64.9,3,0,0,0,1877,629,41.45,0
CUST0717,Pro,211.8,5,2,59,0,255,60,110.9,1
CUST0718,Free,30.2,4,0,0,0,769,70,27.1,0
CUST0719,Free,80.9,2,1,0,1,1545,526,41.45,0
CUST0720,Basic,223.9,9,2,29,0,169,20,128.95,1
CUST0721,Pro,149.3,10,1,59,0,1745,1270,99.65,3
CUST0722,Basic,170.6,5,2,29,0,1094,574,90.3,3
CUST0723,Basic,198.4,10,1,29,1,1097,575,124.2,3
CUST0724,Basic,195.9,7,2,29,0,673,664,108.95,1
CUST0725,Free,92.8,2,1,0,1,198,79,47.4,0
CUST0726,Free,37.4,5,0,0,0,193,120,33.7,0
CUST0727,Free,48.1,6,1,0,0,651,92,37.05,0
CUST0728,Free,57.2,5,0,0,0,1715,1564,43.6,0
CUST0729,Pro,175.8,11,1,59,0,1134,427,115.9,1
CUST0730,Pro,202.3,13,2,59,1,835,529,130.15,1
CUST0731,Basic,180.9,4,0,29,0,730,296,102.45,1
CUST0732,Pro,201.7,6,0,59,0,625,369,118.85,1
CUST0733,Free,9.0,3,0,0,0,1103,485,13.5,0
CUST0734,Pro,178.7,10,1,59,0,1631,844,114.35,3
CUST0735,Basic,159.8,13,0,29,0,291,44,118.9,1
CUST0736,Pro,213.0,11,2,59,0,1820,1335,129.5,3
CUST0737,Pro,176.8,15,0,59,1,1257,86,133.4,1
CUST0738,Free,98.3,2,0,0,0,1303,126,55.15,0
CUST0739,Basic,236.3,13,1,29,0,1433,1,152.15,1
CUST0740,Pro,180.2,12,1,59,0,1434,1390,121.1,3
CUST0741,Free,90.0,3,1,0,0,36,11,49.0,0
CUST0742,Pro,144.2,5,3,59,0,1476,1460,72.1,3
CUST0743,Pro,197.8,6,0,59,0,879,177,116.9,1
CUST0744,Basic,174.3,11,1,29,0,445,64,115.15,1
CUST0745,Pro,200.1,8,2,59,0,45,42,114.05,1
CUST0746,Basic,236.9,11,2,29,0,174,19,141.45,1
CUST0747,Basic,223.7,7,3,29,0,512,4,117.85,1
CUST0748,Basic,229.1,17,3,29,0,333,187,150.55,1
CUST0749,Basic,191.2,10,1,29,0,450,41,120.6,1
CUST0750,Basic,243.6,10,1,29,0,1567,324,146.8,3
CUST0751,Free,58.6,3,1,0,0,396,216,33.3,0
CUST0752,Basic,195.6,5,2,29,0,1590,287,102.8,3
CUST0753,Free,59.4,3,0,0,0,1649,378,38.7,0
CUST0754,Free,103.5,4,0,0,0,1525,137,63.75,0
CUST0755,Enterprise,247.9,10,2,129,0,491,122,143.95,2
CUST0756,Free,72.0,3,0,0,0,467,130,45.0,0
CUST0757,Pro,162.9,7,5,59,0,644,504,77.45,1
CUST0758,Free,87.6,4,0,0,0,752,653,55.8,0
CUST0759,Basic,224.8,10,4,29,1,188,28,122.4,1
CUST0760,Free,82.1,3,1,0,0,715,675,45.05,0
CUST0761,Pro,161.9,9,4,59,0,1406,504,87.95,3
CUST0762,Free,36.8,3,0,0,0,1970,784,27.4,0
CUST0763,Pro,246.3,11,0,59,0,1291,1022,156.15,3
CUST0764,Basic,202.6,8,1,29,0,1854,1250,120.3,3
CUST0765,Basic,199.5,4,3,29,1,1369,519,96.75,3
CUST0766,Free,65.2,2,0,0,0,1679,1268,38.6,0
CUST0767,Pro,177.0,11,4,59,0,1768,158,101.5,3
CUST0768,Basic,202.0,6,2,29,0,934,37,109.0,1
CUST0769,Basic,196.0,9,1,29,0,49,26,120.0,1
CUST0770,Free,65.6,2,0,0,0,951,438,38.8,0
CUST0771,Pro,191.8,5,4,59,0,168,99,90.9,1
CUST0772,Pro,199.6,13,1,59,0,338,254,133.8,1
CUST0773,Enterprise,186.7,7,0,129,0,1512,526,114.35,2
CUST0774,Enterprise,183.3,9,3,129,0,57,6,103.65,2
CUST0775,Free,72.4,3,1,0,0,1434,741,40.2,0
CUST0776,Free,59.8,2,0,0,0,391,333,35.9,0
CUST0777,Basic,197.2,9,2,29,0,1079,925,115.6,3
CUST0778,Free,50.5,2,1,0,0,1750,206,26.25,0
CUST0779,Basic,196.3,15,1,29,1,59,45,138.15,1
CUST0780,Enterprise,200.5,12,2,129,0,277,74,126.25,2
CUST0781,Free,43.2,4,0,0,0,58,4,33.6,0
CUST0782,Enterprise,243.2,11,1,129,0,391,106,149.6,2
CUST0783,Basic,221.7,8,1,29,0,1289,1105,129.85,3
CUST0784,Free,51.8,3,1,0,0,419,217,29.9,0
CUST0785,Basic,239.6,12,2,29,0,2010,1469,145.8,3
CUST0786,Basic,205.1,11,2,29,0,940,814,125.55,3
CUST0787,Pro,199.2,15,4,59,0,1107,353,124.6,1
CUST0788,Pro,243.7,8,1,59,0,661,393,140.85,1
CUST0789,Basic,187.6,11,3,29,0,841,451,111.8,1
CUST0790,Pro,177.8,6,2,59,0,354,28,96.9,1
CUST0791,Free,60.8,3,0,0,1,113,66,39.4,0
CUST0792,Basic,229.0,12,1,29,0,1817,435,145.5,3
CUST0793,Free,30.8,6,0,0,0,1560,595,33.4,0
CUST0794,Pro,219.8,9,3,59,0,1987,719,121.9,3
CUST0795,Enterprise,193.7,14,0,129,0,228,85,138.85,2
CUST0796,Free,40.6,2,1,0,0,1367,118,21.3,0
CUST0797,Free,30.3,5,0,0,0,1585,259,30.15,0
CUST0798,Enterprise,192.2,16,0,129,0,1909,608,144.1,2
CUST0799,Pro,206.0,12,2,59,0,351,114,129.0,1
CUST0800,Basic,199.7,5,2,29,1,176,99,104.85,1
CUST0801,Free,26.8,1,3,0,1,709,291,1.3999999999999986,0
CUST0802,Basic,185.1,11,1,29,0,1800,1514,120.55,3
CUST0803,Basic,191.8,10,6,29,0,1946,9,95.9,3
CUST0804,Basic,134.0,8,2,29,0,1962,1339,81.0,3
CUST0805,Basic,194.3,9,2,29,0,1030,793,114.15,3
CUST0806,Pro,155.1,3,2,59,0,1839,1359,76.55,3
CUST0807,Enterprise,212.9,10,2,129,0,221,84,126.45,2
CUST0808,Free,72.2,4,0,0,1,1761,966,48.1,0
CUST0809,Enterprise,188.0,11,2,129,0,1109,350,117.0,2
CUST0810,Free,19.1,3,0,0,0,665,112,18.55,0
CUST0811,Free,82.8,3,2,0,0,1180,864,40.4,0
CUST0812,Basic,155.7,9,3,29,0,225,119,89.85,1
CUST0813,Basic,193.8,7,1,29,0,697,596,112.9,1
CUST0814,Free,83.6,4,0,0,0,331,81,53.8,0
CUST0815,Basic,227.8,16,3,29,0,778,361,146.9,1
CUST0816,Basic,197.3,7,0,29,0,115,80,119.65,1
CUST0817,Free,62.6,3,0,0,0,1971,558,40.3,0
CUST0818,Free,60.8,5,0,0,0,1280,836,45.4,0
CUST0819,Pro,197.0,11,1,59,0,1130,220,126.5,1
CUST0820,Basic,185.5,10,2,29,0,92,62,112.75,1
CUST0821,Pro,190.2,11,0,59,0,287,102,128.1,1
CUST0822,Pro,203.7,10,0,59,0,1835,431,131.85,3
CUST0823,Basic,258.8,10,2,29,0,1286,171,149.4,1
CUST0824,Pro,213.5,9,1,59,0,192,27,128.75,1
CUST0825,Free,86.2,4,0,0,0,1304,1180,55.1,0
CUST0826,Enterprise,132.6,8,1,129,0,1223,658,85.3,2
CUST0827,Enterprise,176.4,11,2,129,0,1650,1400,111.2,2
CUST0828,Free,26.5,4,0,0,0,95,37,25.25,0
CUST0829,Free,72.6,2,1,0,0,1851,494,37.3,0
CUST0830,Basic,181.6,12,4,29,0,1604,290,106.8,3
CUST0831,Enterprise,168.3,12,2,129,0,729,118,110.15,2
CUST0832,Free,39.4,4,1,0,1,50,49,26.7,0
CUST0833,Basic,198.1,14,2,29,0,1935,324,131.05,3
CUST0834,Pro,156.5,10,1,59,0,1355,857,103.25,3
CUST0835,Free,13.5,2,1,0,0,1781,170,7.75,0
CUST0836,Free,49.7,5,0,0,0,882,672,39.85,0
CUST0837,Pro,154.4,5,2,59,0,1898,199,82.2,3
CUST0838,Basic,228.4,14,1,29,0,471,188,151.2,1
CUST0839,Free,53.4,1,0,0,0,1614,414,29.7,0
CUST0840,Pro,213.8,9,2,59,0,1596,1119,123.9,3
CUST0841,Enterprise,219.8,15,2,129,0,1366,1064,144.9,2
CUST0842,Free,103.0,3,0,0,0,423,118,60.5,0
CUST0843,Free,101.5,3,1,0,1,2033,1466,54.75,0
CUST0844,Free,47.1,4,1,0,0,280,206,30.55,0
CUST0845,Enterprise,190.4,13,1,129,0,1772,666,129.2,2
CUST0846,Pro,216.3,9,2,59,1,1525,1168,125.15,3
CUST0847,Basic,173.7,10,2,29,0,1813,460,106.85,3
CUST0848,Enterprise,175.8,13,1,129,0,264,251,121.9,2
CUST0849,Pro,178.2,15,1,59,0,1769,1739,129.1,3
CUST0850,Basic,221.8,10,0,29,0,1305,818,140.9,3
CUST0851,Basic,210.8,9,1,29,1,833,502,127.4,1
CUST0852,Free,35.0,2,1,0,0,2006,1650,18.5,0
CUST0853,Free,14.6,6,0,0,0,1495,1388,25.3,0
CUST0854,Pro,200.9,9,1,59,0,1779,260,122.45,3
CUST0855,Basic,270.6,14,3,29,0,1176,99,162.3,1
CUST0856,Free,33.4,0,1,0,0,1806,279,11.7,0
CUST0857,Pro,213.5,8,0,59,0,1908,933,130.75,3
CUST0858,Pro,192.1,9,0,59,0,1120,379,123.05,1
CUST0859,Free,36.6,4,0,0,0,987,380,30.3,0
CUST0860,Pro,163.6,8,3,59,0,1815,890,90.8,3
CUST0861,Pro,200.6,10,3,59,0,1007,781,115.3,3
CUST0862,Basic,156.0,6,2,29,0,102,24,86.0,1
CUST0863,Free,79.0,0,1,0,0,1950,461,34.5,0
CUST0864,Basic,179.7,7,2,29,0,434,97,100.85,1
CUST0865,Free,26.5,5,0,0,0,971,663,28.25,0
CUST0866,Free,68.0,5,0,0,0,1100,1037,49.0,0
CUST0867,Basic,255.5,16,0,29,0,1914,934,175.75,3
CUST0868,Basic,192.1,7,2,29,0,303,98,107.05,1
CUST0869,Basic,196.3,11,3,29,0,1165,944,116.15,3
CUST0870,Free,0.0,1,0,0,0,1034,126,3.0,0
CUST0871,Free,12.5,4,1,0,0,1888,47,13.25,0
CUST0872,Pro,192.0,10,0,59,0,1873,1214,126.0,3
CUST0873,Pro,166.9,11,1,59,0,793,642,111.45,1
CUST0874,Enterprise,224.6,6,1,129,0,1904,1646,125.3,2
CUST0875,Pro,287.8,8,0,59,0,1475,197,167.9,1
CUST0876,Free,20.2,4,0,0,0,742,143,22.1,0
CUST0877,Pro,162.8,10,0,59,0,915,186,111.4,1
CUST0878,Pro,228.8,7,1,59,0,1373,593,130.4,3
CUST0879,Free,60.8,3,1,0,0,815,272,34.4,0
CUST0880,Basic,172.7,8,3,29,0,1435,506,95.35,3
CUST0881,Free,0.0,3,1,0,0,1003,384,4.0,0
CUST0882,Basic,189.5,13,2,29,0,1157,954,123.75,3
CUST0883,Pro,140.3,6,1,59,0,414,55,83.15,1
CUST0884,Basic,179.8,18,1,29,0,1804,58,138.9,3
CUST0885,Basic,232.7,4,1,29,0,698,32,123.35,1
CUST0886,Basic,206.3,14,0,29,0,241,45,145.15,1
CUST0887,Enterprise,147.4,11,1,129,0,909,171,101.7,2
CUST0888,Free,24.2,4,1,0,0,266,156,19.1,0
CUST0889,Pro,189.5,5,4,59,0,1158,234,89.75,1
CUST0890,Basic,193.9,7,2,29,0,220,162,107.95,1
CUST0891,Pro,221.1,9,2,59,0,1191,497,127.55,3
CUST0892,Basic,184.2,10,2,29,0,344,112,112.1,1
CUST0893,Basic,196.7,10,1,29,0,1222,371,123.35,1
CUST0894,Basic,188.7,12,1,29,0,544,447,125.35,1
CUST0895,Basic,175.1,12,0,29,0,1398,524,123.55,3
CUST0896,Pro,252.9,7,2,59,0,1398,36,137.45,1
CUST0897,Basic,191.5,12,1,29,0,1516,750,126.75,3
CUST0898,Basic,219.2,9,1,29,0,86,67,131.6,1
CUST0899,Enterprise,233.0,11,3,129,0,632,147,134.5,2
CUST0900,Enterprise,194.3,12,1,129,1,1901,1715,128.15,2
CUST0901,Pro,196.7,11,0,59,0,335,292,131.35,1
CUST0902,Basic,191.3,9,0,29,0,1848,964,122.65,3
CUST0903,Basic,181.5,11,0,29,0,1841,317,123.75,3
CUST0904,Pro,169.3,12,2,59,0,525,144,110.65,1
CUST0905,Pro,132.8,8,2,59,0,376,310,80.4,1
CUST0906,Basic,200.2,14,3,29,0,899,838,127.1,3
CUST0907,Free,51.5,2,1,0,0,837,262,26.75,0
CUST0908,Basic,221.7,14,2,29,1,888,551,142.85,1
CUST0909,Pro,251.2,8,3,59,0,666,541,134.6,1
CUST0910,Free,26.9,4,0,0,0,1197,473,25.45,0
CUST0911,Basic,207.9,15,0,29,0,249,79,148.95,1
CUST0912,Enterprise,198.8,10,0,129,0,111,15,129.4,2
CUST0913,Pro,207.0,15,1,59,0,1172,1067,143.5,3
CUST0914,Free,28.5,4,1,0,0,55,37,21.25,0
CUST0915,Free,27.1,3,2,0,0,809,490,12.55,0
CUST0916,Free,61.6,4,0,0,0,1318,1106,42.8,0
CUST0917,Pro,256.1,7,1,59,0,855,336,144.05,1
CUST0918,Pro,201.0,15,1,59,1,1603,1287,140.5,3
CUST0919,Free,49.5,2,0,0,0,694,201,30.75,0
CUST0920,Free,70.5,3,1,0,0,1579,1358,39.25,0
CUST0921,Free,71.7,1,0,0,0,1321,182,38.85,0
CUST0922,Free,63.5,3,2,0,0,1286,1051,30.75,0
CUST0923,Basic,247.4,9,2,29,0,477,335,140.7,1
CUST0924,Free,31.6,3,0,0,0,863,632,24.8,0
CUST0925,Pro,228.9,11,0,59,0,385,166,147.45,1
CUST0926,Pro,190.8,11,1,59,0,308,21,123.4,1
CUST0927,Basic,229.4,8,1,29,0,43,4,133.7,1
CUST0928,Free,70.1,1,0,0,0,782,91,38.05,0
CUST0929,Pro,183.4,9,1,59,1,722,152,113.7,1
CUST0930,Pro,167.1,10,2,59,0,1985,738,103.55,3
CUST0931,Free,114.8,3,0,0,0,136,68,66.4,0
CUST0932,Basic,144.2,6,2,29,0,1979,1610,80.1,3
CUST0933,Pro,149.0,14,0,59,0,1479,40,116.5,1
CUST0934,Pro,198.0,6,1,59,1,477,319,112.0,1
CUST0935,Basic,181.1,12,0,29,0,151,65,126.55,1
CUST0936,Pro,201.6,12,0,59,1,1320,1308,136.8,3
CUST0937,Free,31.9,4,0,0,0,1667,1374,27.95,0
CUST0938,Basic,214.9,9,2,29,0,879,206,124.45,1
CUST0939,Basic,210.3,4,0,29,1,1218,1076,117.15,3
CUST0940,Basic,170.3,6,2,29,0,1748,231,93.15,3
CUST0941,Basic,197.7,11,2,29,1,742,711,121.85,1
CUST0942,Pro,186.3,12,0,59,0,1851,323,129.15,3
CUST0943,Pro,190.4,9,2,59,0,952,732,112.2,3
CUST0944,Basic,156.3,5,0,29,0,1268,409,93.15,3
CUST0945,Enterprise,209.2,12,2,129,0,1109,411,130.6,2
CUST0946,Free,33.5,1,1,0,0,1716,959,14.75,0
CUST0947,Free,83.0,6,0,0,0,1400,736,59.5,0
CUST0948,Basic,221.5,13,2,29,0,448,158,139.75,1
CUST0949,Free,55.3,1,1,0,1,817,731,25.65,0
CUST0950,Enterprise,192.9,8,2,129,0,229,216,110.45,2
CUST0951,Free,45.7,5,0,0,0,1720,1398,37.85,0
CUST0952,Pro,195.0,8,2,59,0,493,177,111.5,1
CUST0953,Pro,184.6,11,1,59,0,1937,557,120.3,3
CUST0954,Free,70.5,1,1,0,1,1871,1314,33.25,0
CUST0955,Pro,194.8,10,0,59,0,1131,263,127.4,1
CUST0956,Basic,233.0,11,2,29,0,1044,139,139.5,1
CUST0957,Pro,199.3,12,1,59,1,1190,631,130.65,3
CUST0958,Pro,157.3,9,1,59,0,1597,51,100.65,1
CUST0959,Basic,226.4,8,0,29,1,989,873,137.2,3
CUST0960,Pro,157.0,7,2,59,0,1332,452,89.5,3
CUST0961,Free,63.2,2,1,0,0,1811,1231,32.6,0
CUST0962,Enterprise,197.1,15,1,129,0,650,43,138.55,2
CUST0963,Free,67.2,4,0,0,0,1042,411,45.6,0
CUST0964,Basic,174.2,9,2,29,0,1945,1494,104.1,3
CUST0965,Pro,143.0,11,1,59,0,1229,2,99.5,1
CUST0966,Free,46.2,0,0,0,0,1926,1911,23.1,0
CUST0967,Enterprise,177.0,10,2,129,0,1620,1003,108.5,2
CUST0968,Basic,186.2,8,1,29,0,102,75,112.1,1
CUST0969,Free,69.7,3,0,0,0,467,397,43.85,0
CUST0970,Free,45.8,2,0,0,0,473,343,28.9,0
CUST0971,Basic,145.1,8,1,29,0,1446,775,91.55,3
CUST0972,Pro,218.5,8,1,59,0,1793,1778,128.25,3
CUST0973,Basic,193.2,13,0,29,0,1020,256,135.6,1
CUST0974,Pro,157.8,13,0,59,0,1157,798,117.9,3
CUST0975,Pro,198.0,8,0,59,0,1774,996,123.0,3
CUST0976,Enterprise,189.3,21,2,129,0,948,228,147.65,2
CUST0977,Enterprise,238.1,5,1,129,0,1567,543,129.05,2
CUST0978,Free,64.7,4,0,0,0,894,41,44.35,0
CUST0979,Basic,250.8,10,1,29,0,670,308,150.4,1
CUST0980,Enterprise,204.3,14,2,129,0,1891,1078,134.15,2
CUST0981,Free,65.0,1,0,0,1,274,253,35.5,0
CUST0982,Pro,200.3,11,0,59,0,1145,1107,133.15,3
CUST0983,Pro,226.4,7,0,59,0,1097,938,134.2,3
CUST0984,Basic,169.6,9,1,29,0,273,113,106.8,1
CUST0985,Pro,152.6,14,0,59,0,859,420,118.3,1
CUST0986,Free,25.5,1,1,0,1,864,450,10.75,0
CUST0987,Pro,249.9,11,2,59,1,585,158,147.95,1
CUST0988,Basic,192.8,10,2,29,0,1446,1211,116.4,3
CUST0989,Enterprise,221.9,11,0,129,1,1209,1167,143.95,2
CUST0990,Basic,217.8,7,1,29,0,60,40,124.9,1
CUST0991,Free,41.4,3,0,0,1,1687,46,29.7,0
CUST0992,Pro,207.4,5,1,59,0,98,19,113.7,1
CUST0993,Basic,165.8,7,1,29,0,1096,355,98.9,1
CUST0994,Pro,188.4,14,2,59,0,1858,964,126.2,3
CUST0995,Free,26.4,8,1,0,0,309,255,32.2,0
CUST0996,Basic,206.1,7,1,29,0,1540,648,119.05,3
CUST0997,Basic,167.3,11,0,29,0,832,422,116.65,1
CUST0998,Free,45.7,1,0,0,0,965,885,25.85,0
CUST0999,Free,41.7,1,2,0,0,1228,593,13.85,0
CUST1000,Free,39.8,3,1,0,0,511,164,23.9,0
