customer_id,signup_date,last_login_date,plan_type,monthly_usage_minutes,num_logins_last_30_days,num_support_tickets,subscription_price,churned
CUST0001,2023-08-02,2023-11-24,Basic,166.6,6,3,29,1
CUST0002,2020-02-21,2024-04-18,Pro,209.6,7,0,59,0
CUST0003,2021-07-17,2022-11-30,Basic,148.3,11,1,29,0
CUST0004,2021-04-02,2022-01-12,Pro,183.1,7,1,59,0
CUST0005,2024-02-17,2024-05-31,Free,32.0,2,0,0,0
CUST0006,2023-10-17,2025-04-27,Enterprise,191.2,7,1,129,0
CUST0007,2020-06-27,2023-10-19,Free,72.2,1,0,0,0
CUST0008,2022-05-14,2022-07-18,Basic,205.1,8,1,29,0
CUST0009,2020-03-02,2020-09-09,Free,67.5,2,0,0,0
CUST0010,2021-03-23,2022-07-12,Pro,226.6,11,0,59,0
CUST0011,2022-10-31,2024-07-08,Basic,224.4,15,0,29,0
CUST0012,2020-02-24,2023-04-18,Pro,240.7,11,2,59,0
CUST0013,2021-02-11,2025-02-16,Free,52.6,3,0,0,1
CUST0014,2023-08-23,2025-03-03,Free,41.0,1,0,0,1
CUST0015,2022-05-09,2023-08-03,Pro,227.5,13,4,59,0
CUST0016,2022-07-08,2024-01-28,Free,59.9,3,0,0,0
CUST0017,2024-07-15,2024-07-18,Free,39.7,4,2,0,0
CUST0018,2024-04-03,2025-05-20,Basic,175.9,8,2,29,0
CUST0019,2020-11-22,2024-10-21,Enterprise,182.8,7,1,129,0
CUST0020,2022-05-15,2024-04-10,Basic,187.4,11,1,29,0
CUST0021,2021-07-23,2022-06-06,Basic,251.2,7,0,29,0
CUST0022,2021-03-16,2025-06-26,Basic,226.2,16,1,29,1
CUST0023,2021-11-20,2022-06-17,Pro,224.4,13,1,59,0
CUST0024,2020-07-08,2022-08-25,Pro,163.1,15,1,59,0
CUST0025,2020-07-17,2022-07-22,Pro,207.5,11,0,59,1
CUST0026,2024-10-01,2025-03-26,Pro,210.4,12,0,59,0
CUST0027,2023-05-21,2024-02-15,Pro,164.3,12,2,59,0
CUST0028,2024-07-10,2024-08-01,Pro,219.7,11,1,59,0
CUST0029,2024-02-03,2025-05-18,Enterprise,226.4,11,2,129,0
CUST0030,2023-01-03,2023-05-10,Pro,192.8,8,1,59,1
CUST0031,2025-06-15,2025-07-09,Enterprise,193.3,8,2,129,0
CUST0032,2020-06-10,2023-07-15,Enterprise,221.4,12,0,129,0
CUST0033,2021-08-23,2025-03-02,Enterprise,201.7,14,2,129,0
CUST0034,2023-06-20,2024-06-24,Pro,165.7,15,3,59,0
CUST0035,2023-03-28,2023-10-10,Pro,165.4,5,0,59,0
CUST0036,2023-12-13,2024-02-22,Basic,155.0,8,0,29,0
CUST0037,2020-04-03,2023-12-18,Pro,173.2,10,0,59,0
CUST0038,2021-04-11,2022-11-24,Free,40.0,1,0,0,0
CUST0039,2020-06-12,2025-03-29,Pro,200.5,8,1,59,0
CUST0040,2021-04-21,2021-11-13,Free,63.3,4,0,0,0
CUST0041,2022-02-17,2023-09-09,Basic,228.4,12,2,29,0
CUST0042,2022-07-17,2024-08-02,Pro,238.0,3,3,59,0
CUST0043,2020-11-29,2022-12-27,Basic,192.4,9,1,29,0
CUST0044,2021-12-28,2023-03-02,Pro,162.6,10,1,59,0
CUST0045,2023-10-04,2024-07-03,Pro,202.1,16,2,59,0
CUST0046,2023-12-08,2024-02-19,Enterprise,188.4,15,0,129,0
CUST0047,2023-06-01,2025-03-12,Free,58.4,1,1,0,1
CUST0048,2020-12-16,2023-12-14,Free,31.3,3,1,0,0
CUST0049,2024-02-02,2024-10-09,Free,72.4,4,2,0,1
CUST0050,2020-11-30,2023-07-04,Pro,218.3,10,2,59,0
CUST0051,2022-02-16,2023-08-22,Enterprise,191.9,11,1,129,0
CUST0052,2025-03-10,2025-07-30,Pro,181.6,13,1,59,0
CUST0053,2021-03-25,2025-01-25,Basic,190.7,5,2,29,0
CUST0054,2021-10-26,2022-02-17,Pro,224.1,12,0,59,1
CUST0055,2021-04-14,2021-06-18,Basic,234.6,13,0,29,0
CUST0056,2024-07-06,2024-12-14,Basic,185.7,9,0,29,0
CUST0057,2022-04-01,2023-10-01,Free,29.5,1,1,0,0
CUST0058,2020-05-15,2021-07-21,Enterprise,198.6,9,1,129,1
CUST0059,2025-02-13,2025-07-08,Free,52.1,2,1,0,0
CUST0060,2024-11-29,2025-05-31,Pro,229.5,9,2,59,0
CUST0061,2021-10-06,2022-12-15,Enterprise,196.7,11,0,129,0
CUST0062,2023-09-04,2025-01-27,Basic,229.3,11,4,29,0
CUST0063,2022-03-21,2024-10-15,Pro,222.3,14,0,59,0
CUST0064,2020-10-19,2022-04-14,Pro,244.3,11,4,59,0
CUST0065,2020-10-12,2022-03-01,Free,57.8,7,0,0,1
CUST0066,2024-03-05,2024-11-29,Pro,209.1,7,1,59,0
CUST0067,2024-03-09,2025-01-02,Pro,246.5,10,3,59,0
CUST0068,2022-05-27,2024-08-21,Free,53.5,4,0,0,0
CUST0069,2022-01-11,2023-04-05,Basic,164.5,15,2,29,0
CUST0070,2020-10-10,2023-08-19,Pro,138.8,17,2,59,0
CUST0071,2022-10-07,2023-04-11,Enterprise,138.0,11,0,129,0
CUST0072,2024-03-27,2024-04-20,Free,47.3,1,1,0,0
CUST0073,2024-10-29,2024-12-24,Pro,261.7,6,0,59,0
CUST0074,2020-11-09,2024-05-17,Free,40.4,1,0,0,0
CUST0075,2020-11-23,2025-05-03,Free,51.7,1,1,0,0
CUST0076,2023-10-25,2024-12-30,Pro,131.5,15,2,59,0
CUST0077,2023-05-06,2023-07-10,Free,41.7,4,0,0,1
CUST0078,2022-02-27,2024-04-18,Pro,130.9,10,0,59,0
CUST0079,2023-05-05,2024-08-26,Basic,175.7,9,1,29,0
CUST0080,2022-12-19,2023-09-02,Free,22.9,5,0,0,0
CUST0081,2025-06-11,2025-07-16,Pro,168.9,8,2,59,1
CUST0082,2024-10-28,2024-11-02,Pro,194.3,7,0,59,0
CUST0083,2023-10-25,2024-02-19,Free,32.2,2,0,0,0
CUST0084,2023-10-28,2025-04-29,Enterprise,174.1,5,3,129,0
CUST0085,2024-03-17,2024-07-31,Pro,203.0,11,1,59,0
CUST0086,2024-04-23,2025-03-17,Basic,222.5,10,0,29,0
CUST0087,2021-11-27,2022-07-13,Free,15.8,2,0,0,0
CUST0088,2021-08-24,2024-01-31,Free,58.0,4,1,0,0
CUST0089,2020-11-19,2023-06-06,Basic,217.3,6,1,29,0
CUST0090,2020-01-07,2025-05-13,Pro,193.9,6,0,59,0
CUST0091,2024-01-18,2024-10-13,Free,66.3,5,0,0,0
CUST0092,2025-06-13,2025-07-15,Basic,231.0,12,1,29,0
CUST0093,2024-04-09,2024-07-09,Basic,207.1,11,0,29,0
CUST0094,2022-11-05,2025-05-27,Pro,223.1,10,1,59,0
CUST0095,2020-08-05,2025-06-22,Free,95.3,3,1,0,0
CUST0096,2023-07-04,2024-05-04,Pro,212.1,6,4,59,0
CUST0097,2024-09-19,2025-06-05,Basic,146.6,6,2,29,1
CUST0098,2023-06-01,2023-12-21,Enterprise,244.9,11,2,129,0
CUST0099,2020-11-09,2022-12-14,Pro,247.8,9,2,59,1
CUST0100,2024-04-10,2024-07-01,Pro,184.7,10,1,59,0
CUST0101,2023-01-09,2025-03-16,Pro,225.6,15,2,59,0
CUST0102,2025-03-04,2025-07-17,Basic,130.4,6,1,29,1
CUST0103,2025-02-24,2025-02-24,Basic,255.5,6,0,29,1
CUST0104,2023-05-11,2024-04-06,Basic,233.8,11,1,29,1
CUST0105,2022-09-27,2022-11-05,Free,127.1,2,0,0,0
CUST0106,2020-08-17,2022-08-30,Basic,166.8,11,0,29,1
CUST0107,2024-12-04,2025-07-04,Enterprise,157.8,11,0,129,0
CUST0108,2024-07-10,2024-12-14,Pro,176.7,12,0,59,0
CUST0109,2021-05-05,2021-08-31,Pro,184.3,11,0,59,0
CUST0110,2021-05-08,2024-07-12,Pro,214.7,9,0,59,0
CUST0111,2025-04-23,2025-05-03,Pro,209.8,9,2,59,0
CUST0112,2020-06-24,2024-07-31,Basic,162.5,8,2,29,0
CUST0113,2022-09-22,2023-02-10,Enterprise,183.7,14,3,129,0
CUST0114,2025-06-25,2025-07-29,Basic,212.0,11,0,29,0
CUST0115,2024-04-17,2024-06-20,Enterprise,161.3,8,1,129,0
CUST0116,2020-09-19,2024-06-01,Free,53.0,4,0,0,1
CUST0117,2022-08-31,2023-08-04,Pro,248.6,12,2,59,0
CUST0118,2021-06-26,2024-06-10,Free,97.1,2,0,0,0
CUST0119,2024-11-21,2025-04-25,Basic,172.3,12,2,29,1
CUST0120,2022-05-16,2023-07-23,Pro,159.4,7,1,59,0
CUST0121,2025-03-17,2025-05-07,Basic,149.3,13,0,29,0
CUST0122,2023-12-31,2024-11-14,Basic,229.6,12,1,29,0
CUST0123,2022-03-28,2024-04-30,Pro,218.7,9,1,59,1
CUST0124,2022-06-16,2025-05-10,Basic,152.9,7,5,29,0
CUST0125,2022-07-13,2023-03-17,Basic,212.9,7,1,29,0
CUST0126,2021-05-22,2022-08-25,Free,56.2,8,0,0,0
CUST0127,2020-05-11,2022-04-03,Free,56.7,2,0,0,0
CUST0128,2020-02-13,2023-06-01,Pro,185.6,8,2,59,0
CUST0129,2023-02-08,2023-10-01,Pro,221.4,8,1,59,0
CUST0130,2023-04-20,2023-12-01,Pro,201.4,9,1,59,0
CUST0131,2020-01-15,2020-06-08,Basic,169.8,7,0,29,1
CUST0132,2023-12-20,2024-02-18,Basic,168.5,9,0,29,1
CUST0133,2021-04-13,2021-08-29,Pro,195.0,10,0,59,1
CUST0134,2025-01-28,2025-02-05,Free,25.2,4,0,0,0
CUST0135,2024-10-26,2025-04-13,Free,30.9,2,2,0,0
CUST0136,2020-05-25,2023-04-12,Pro,235.7,12,1,59,0
CUST0137,2021-05-02,2022-11-23,Basic,246.4,8,5,29,0
CUST0138,2023-10-02,2025-02-10,Basic,253.9,9,2,29,0
CUST0139,2021-03-14,2024-03-22,Pro,95.6,11,2,59,0
CUST0140,2020-09-27,2024-10-17,Pro,173.9,13,5,59,0
CUST0141,2025-03-30,2025-07-20,Pro,195.0,8,0,59,0
CUST0142,2023-03-15,2024-10-25,Pro,204.4,10,1,59,1
CUST0143,2022-08-26,2024-01-05,Pro,222.6,10,0,59,0
CUST0144,2024-05-25,2025-01-22,Basic,159.5,18,2,29,1
CUST0145,2024-07-11,2025-02-04,Pro,194.4,12,1,59,0
CUST0146,2021-01-24,2021-08-05,Free,37.9,6,0,0,0
CUST0147,2020-07-17,2024-03-27,Basic,222.0,9,2,29,0
CUST0148,2022-06-01,2024-05-26,Pro,232.4,12,0,59,0
CUST0149,2022-05-17,2024-09-04,Pro,193.3,16,2,59,1
CUST0150,2022-08-14,2022-12-02,Basic,165.6,15,0,29,0
CUST0151,2023-10-11,2024-01-19,Pro,228.5,7,5,59,0
CUST0152,2020-05-04,2022-08-06,Enterprise,189.7,11,1,129,0
CUST0153,2024-01-31,2025-01-12,Pro,159.3,10,1,59,0
CUST0154,2024-06-27,2024-08-21,Basic,190.5,9,0,29,0
CUST0155,2021-05-24,2022-06-20,Basic,152.5,13,1,29,0
CUST0156,2021-01-24,2024-01-27,Enterprise,222.8,6,3,129,0
CUST0157,2022-07-07,2023-04-20,Basic,192.6,9,3,29,0
CUST0158,2022-05-14,2023-05-24,Free,29.5,2,1,0,0
CUST0159,2021-07-24,2024-02-26,Pro,211.8,13,1,59,1
CUST0160,2021-05-26,2021-10-27,Basic,220.4,13,3,29,0
CUST0161,2022-06-26,2025-07-27,Free,19.1,5,3,0,0
CUST0162,2020-07-19,2020-10-30,Free,34.1,0,0,0,0
CUST0163,2023-08-28,2025-03-03,Pro,228.0,9,2,59,1
CUST0164,2024-09-08,2024-09-15,Basic,226.2,9,3,29,0
CUST0165,2025-06-07,2025-06-12,Basic,244.3,12,2,29,0
CUST0166,2025-03-12,2025-05-11,Enterprise,241.4,7,1,129,1
CUST0167,2020-12-06,2023-03-18,Basic,133.0,11,2,29,0
CUST0168,2022-09-21,2025-06-02,Basic,207.1,13,2,29,0
CUST0169,2021-03-13,2023-06-12,Free,0.0,4,0,0,0
CUST0170,2025-01-22,2025-02-06,Free,57.6,7,0,0,0
CUST0171,2020-12-03,2023-01-18,Free,71.8,0,0,0,0
CUST0172,2020-01-05,2025-07-14,Enterprise,201.6,8,0,129,0
CUST0173,2022-03-10,2023-09-04,Enterprise,204.2,14,2,129,0
CUST0174,2025-03-12,2025-07-06,Free,63.6,2,2,0,0
CUST0175,2021-08-07,2023-12-21,Basic,194.3,10,2,29,1
CUST0176,2023-11-27,2025-06-18,Pro,206.5,12,2,59,0
CUST0177,2023-09-17,2025-01-27,Pro,198.1,11,2,59,0
CUST0178,2020-11-13,2021-12-06,Pro,209.9,9,0,59,0
CUST0179,2021-08-30,2022-11-18,Free,17.1,3,0,0,0
CUST0180,2025-06-06,2025-06-09,Free,6.8,1,1,0,0
CUST0181,2023-04-01,2025-04-23,Basic,201.8,10,1,29,0
CUST0182,2023-01-15,2023-03-18,Basic,233.8,10,4,29,0
CUST0183,2024-03-11,2024-08-18,Free,72.8,2,1,0,0
CUST0184,2020-04-27,2020-08-07,Basic,208.4,7,2,29,0
CUST0185,2023-04-11,2024-08-11,Pro,170.3,9,0,59,0
CUST0186,2022-10-26,2025-05-24,Free,78.2,2,0,0,0
CUST0187,2024-10-12,2025-07-10,Enterprise,241.9,10,5,129,0
CUST0188,2020-11-18,2021-03-14,Pro,197.7,9,2,59,0
CUST0189,2025-05-21,2025-07-25,Free,41.2,2,0,0,0
CUST0190,2020-06-13,2025-03-22,Free,87.4,3,0,0,0
CUST0191,2021-01-15,2021-06-04,Pro,153.9,9,2,59,0
CUST0192,2023-05-03,2023-07-11,Basic,208.0,9,2,29,0
CUST0193,2023-10-14,2024-06-10,Pro,151.3,4,1,59,0
CUST0194,2022-04-06,2022-12-07,Free,66.9,1,0,0,0
CUST0195,2025-04-12,2025-06-23,Pro,207.0,14,1,59,0
CUST0196,2021-05-19,2024-08-16,Pro,153.3,10,1,59,0
CUST0197,2023-05-02,2023-06-11,Enterprise,216.2,7,0,129,0
CUST0198,2023-06-22,2023-09-13,Pro,172.4,8,2,59,0
CUST0199,2022-05-08,2025-07-08,Free,86.4,2,1,0,1
CUST0200,2022-12-06,2023-10-25,Pro,204.3,12,1,59,0
CUST0201,2025-03-29,2025-05-01,Free,52.6,3,0,0,1
CUST0202,2021-02-22,2024-11-24,Basic,221.2,9,3,29,0
CUST0203,2024-01-06,2024-11-22,Basic,216.1,11,0,29,1
CUST0204,2021-05-03,2022-10-28,Enterprise,173.0,10,1,129,0
CUST0205,2022-03-21,2022-12-14,Basic,188.8,4,0,29,1
CUST0206,2023-10-07,2025-07-28,Basic,170.2,8,1,29,0
CUST0207,2021-09-06,2024-03-30,Free,95.9,1,1,0,0
CUST0208,2021-10-09,2022-03-06,Enterprise,236.6,6,1,129,0
CUST0209,2020-01-20,2022-08-15,Free,54.8,5,0,0,1
CUST0210,2023-06-26,2025-01-22,Basic,200.1,7,3,29,0
CUST0211,2020-07-23,2020-12-20,Basic,188.3,7,0,29,0
CUST0212,2023-01-06,2023-08-12,Free,49.5,0,0,0,1
CUST0213,2022-11-02,2023-07-31,Pro,199.5,5,2,59,0
CUST0214,2020-09-28,2022-09-12,Free,67.4,3,0,0,0
CUST0215,2024-12-09,2024-12-26,Pro,179.9,12,1,59,0
CUST0216,2024-12-05,2025-02-05,Enterprise,231.2,10,4,129,0
CUST0217,2022-01-26,2023-09-01,Free,52.7,1,0,0,1
CUST0218,2020-11-19,2023-05-05,Free,101.7,1,2,0,0
CUST0219,2024-09-03,2025-06-08,Basic,220.4,7,0,29,0
CUST0220,2023-12-11,2024-10-15,Pro,234.7,8,0,59,1
CUST0221,2023-06-06,2025-04-05,Free,68.2,2,1,0,0
CUST0222,2022-12-19,2022-12-27,Basic,239.3,13,4,29,0
CUST0223,2023-09-29,2025-04-18,Free,66.7,2,0,0,0
CUST0224,2021-09-05,2025-05-25,Enterprise,193.7,7,0,129,1
CUST0225,2020-07-31,2025-07-03,Pro,225.8,15,3,59,0
CUST0226,2020-10-02,2022-03-27,Pro,182.5,6,2,59,0
CUST0227,2020-08-24,2021-03-31,Free,74.4,4,0,0,0
CUST0228,2024-02-29,2024-08-06,Free,67.3,5,0,0,0
CUST0229,2021-07-11,2023-02-08,Free,43.7,4,0,0,0
CUST0230,2023-05-23,2023-12-24,Pro,174.5,10,1,59,0
CUST0231,2024-01-09,2024-12-25,Free,46.4,1,0,0,1
CUST0232,2021-02-20,2024-12-28,Enterprise,212.6,9,3,129,0
CUST0233,2023-07-22,2024-04-17,Pro,235.0,5,2,59,0
CUST0234,2022-11-01,2024-03-15,Basic,182.8,11,2,29,0
CUST0235,2021-05-29,2021-09-10,Basic,233.5,10,0,29,0
CUST0236,2020-07-08,2024-01-28,Basic,180.5,5,5,29,0
CUST0237,2022-05-17,2023-12-04,Pro,193.2,14,2,59,0
CUST0238,2020-03-31,2020-04-07,Basic,171.2,14,1,29,1
CUST0239,2021-11-14,2022-08-08,Free,81.0,4,0,0,0
CUST0240,2023-07-28,2024-04-21,Pro,194.2,10,2,59,0
CUST0241,2020-11-26,2025-01-22,Free,73.0,2,0,0,0
CUST0242,2022-06-23,2025-07-26,Free,86.8,3,0,0,1
CUST0243,2023-12-16,2025-02-25,Free,34.2,2,0,0,0
CUST0244,2023-02-22,2023-03-03,Basic,199.6,15,4,29,0
CUST0245,2020-08-17,2021-01-18,Free,73.8,4,0,0,0
CUST0246,2025-04-19,2025-07-16,Free,12.4,2,0,0,0
CUST0247,2025-01-25,2025-03-04,Free,62.9,1,0,0,0
CUST0248,2023-01-22,2023-02-27,Basic,220.8,10,4,29,0
CUST0249,2024-09-05,2025-03-13,Basic,200.6,13,0,29,0
CUST0250,2023-04-07,2024-10-23,Free,28.2,1,0,0,1
CUST0251,2020-10-30,2023-03-29,Basic,209.7,7,2,29,0
CUST0252,2020-09-18,2020-12-12,Basic,192.4,15,1,29,0
CUST0253,2021-09-23,2023-10-09,Pro,239.3,18,1,59,0
CUST0254,2025-01-15,2025-01-25,Basic,183.0,11,2,29,0
CUST0255,2025-01-14,2025-04-15,Pro,180.7,6,0,59,1
CUST0256,2021-03-06,2024-12-31,Pro,230.9,6,1,59,1
CUST0257,2021-05-26,2025-02-19,Pro,215.6,12,0,59,1
CUST0258,2020-07-29,2022-07-23,Basic,200.2,6,2,29,1
CUST0259,2024-05-16,2025-02-26,Free,25.8,5,1,0,0
CUST0260,2024-12-15,2025-07-26,Basic,217.9,13,0,29,0
CUST0261,2022-04-12,2023-02-22,Pro,192.8,6,2,59,0
CUST0262,2025-03-10,2025-05-09,Basic,189.0,14,2,29,0
CUST0263,2024-11-05,2025-01-27,Basic,186.1,8,2,29,0
CUST0264,2025-06-22,2025-07-03,Free,56.0,7,2,0,0
CUST0265,2024-12-10,2025-03-25,Basic,233.2,10,1,29,0
CUST0266,2020-02-20,2021-02-21,Free,46.4,4,2,0,0
CUST0267,2024-02-17,2025-01-22,Enterprise,171.9,14,1,129,0
CUST0268,2024-05-21,2024-12-17,Basic,232.6,5,0,29,0
CUST0269,2024-06-30,2025-06-07,Basic,151.8,8,0,29,1
CUST0270,2024-11-04,2025-03-11,Pro,223.4,12,1,59,0
CUST0271,2021-06-30,2022-05-22,Free,52.1,2,0,0,0
CUST0272,2024-05-31,2025-05-25,Enterprise,234.9,14,1,129,0
CUST0273,2020-08-09,2022-10-01,Basic,215.3,15,3,29,0
CUST0274,2024-11-21,2024-11-30,Basic,241.2,5,3,29,0
CUST0275,2024-10-24,2025-06-21,Basic,181.3,7,1,29,0
CUST0276,2021-03-31,2022-05-13,Free,55.8,3,1,0,0
CUST0277,2024-07-30,2025-03-22,Basic,190.7,13,1,29,1
CUST0278,2021-12-17,2023-09-03,Basic,177.4,5,0,29,0
CUST0279,2024-08-07,2024-12-01,Basic,199.4,6,1,29,0
CUST0280,2021-04-01,2021-05-19,Enterprise,232.3,12,3,129,0
CUST0281,2023-09-13,2024-03-28,Pro,204.3,12,1,59,0
CUST0282,2022-03-27,2024-01-28,Free,31.6,2,0,0,0
CUST0283,2021-07-24,2021-12-13,Enterprise,236.8,9,0,129,0
CUST0284,2025-06-03,2025-07-22,Enterprise,234.7,12,1,129,0
CUST0285,2021-07-25,2023-07-14,Free,49.0,3,0,0,0
CUST0286,2023-08-06,2025-01-08,Basic,193.8,12,3,29,0
CUST0287,2022-03-29,2025-03-31,Basic,192.0,9,1,29,0
CUST0288,2021-11-09,2022-01-04,Pro,243.0,12,0,59,0
CUST0289,2020-08-24,2025-07-25,Free,40.8,1,1,0,0
CUST0290,2025-06-10,2025-06-26,Free,73.4,4,0,0,1
CUST0291,2020-12-31,2024-04-03,Basic,175.7,10,2,29,0
CUST0292,2025-05-25,2025-06-27,Free,62.7,2,1,0,0
CUST0293,2020-03-19,2020-10-27,Enterprise,220.9,11,3,129,0
CUST0294,2023-05-06,2024-07-23,Basic,190.0,10,3,29,0
CUST0295,2021-12-08,2023-09-11,Basic,176.4,10,1,29,0
CUST0296,2022-06-12,2025-04-24,Pro,181.4,10,4,59,0
CUST0297,2020-08-24,2022-10-21,Basic,199.1,10,5,29,0
CUST0298,2025-01-16,2025-06-12,Free,33.0,4,0,0,1
CUST0299,2021-01-24,2022-06-29,Basic,207.7,9,0,29,0
CUST0300,2020-03-31,2024-03-21,Basic,231.4,10,3,29,0
CUST0301,2022-06-12,2022-06-15,Pro,216.7,7,4,59,1
CUST0302,2022-11-30,2025-07-04,Basic,202.7,10,1,29,0
CUST0303,2024-07-09,2025-04-10,Pro,228.6,6,2,59,0
CUST0304,2023-11-07,2024-05-26,Enterprise,233.0,8,3,129,0
CUST0305,2022-01-15,2024-06-16,Pro,235.7,14,0,59,0
CUST0306,2020-05-23,2024-02-12,Free,71.2,2,0,0,0
CUST0307,2025-02-28,2025-05-23,Pro,200.9,8,3,59,0
CUST0308,2023-06-30,2024-05-16,Basic,218.3,8,2,29,0
CUST0309,2023-09-20,2024-01-25,Enterprise,192.1,7,2,129,0
CUST0310,2024-01-14,2024-11-16,Free,0.0,5,1,0,1
CUST0311,2022-11-04,2023-09-16,Pro,207.1,10,1,59,0
CUST0312,2023-09-27,2024-11-18,Free,91.1,2,1,0,0
CUST0313,2021-10-30,2024-02-01,Basic,190.2,14,1,29,0
CUST0314,2023-11-28,2024-09-25,Free,54.7,3,2,0,1
CUST0315,2023-02-09,2023-06-19,Basic,198.0,9,1,29,0
CUST0316,2021-01-27,2023-06-07,Pro,259.5,12,0,59,0
CUST0317,2023-09-23,2024-10-15,Pro,195.8,17,1,59,0
CUST0318,2023-10-19,2024-04-14,Basic,186.5,9,4,29,0
CUST0319,2023-06-14,2025-01-16,Basic,191.8,12,1,29,0
CUST0320,2021-09-08,2023-12-18,Pro,211.0,8,2,59,1
CUST0321,2023-01-27,2025-05-29,Free,33.7,2,1,0,0
CUST0322,2020-01-01,2021-09-14,Basic,195.1,9,1,29,0
CUST0323,2021-08-10,2022-10-14,Free,66.1,5,1,0,0
CUST0324,2022-05-30,2024-03-19,Pro,198.7,13,1,59,0
CUST0325,2022-08-10,2025-01-30,Pro,135.2,9,1,59,1
CUST0326,2022-06-24,2023-09-04,Pro,207.7,10,1,59,0
CUST0327,2022-11-12,2024-03-10,Free,100.1,1,4,0,1
CUST0328,2024-06-13,2025-07-25,Free,46.8,2,0,0,0
CUST0329,2024-02-16,2024-08-07,Pro,166.7,13,2,59,0
CUST0330,2023-09-11,2023-12-06,Enterprise,207.4,8,2,129,0
CUST0331,2021-08-04,2024-06-24,Free,24.9,3,0,0,0
CUST0332,2023-09-21,2025-06-30,Free,112.7,4,0,0,0
CUST0333,2023-06-22,2024-05-30,Basic,213.4,7,1,29,0
CUST0334,2020-07-10,2025-02-10,Enterprise,211.1,7,6,129,0
CUST0335,2025-05-03,2025-06-02,Pro,221.6,12,2,59,0
CUST0336,2023-10-09,2024-08-21,Free,11.2,3,0,0,0
CUST0337,2021-04-05,2022-05-17,Pro,185.9,9,2,59,0
CUST0338,2020-10-28,2020-12-17,Basic,208.0,9,4,29,0
CUST0339,2020-04-04,2021-08-18,Free,0.0,2,1,0,0
CUST0340,2022-08-31,2023-01-27,Free,76.8,0,0,0,0
CUST0341,2022-07-21,2024-11-15,Pro,153.8,11,1,59,0
CUST0342,2024-12-19,2025-05-29,Pro,259.5,9,2,59,0
CUST0343,2023-03-24,2023-10-09,Free,76.6,1,0,0,1
CUST0344,2024-01-11,2025-02-07,Basic,187.4,9,2,29,0
CUST0345,2022-10-09,2025-01-04,Pro,146.6,9,0,59,0
CUST0346,2021-05-14,2022-03-12,Free,59.6,2,1,0,0
CUST0347,2023-09-05,2023-09-10,Basic,220.4,9,2,29,0
CUST0348,2025-01-02,2025-07-13,Basic,165.5,9,1,29,0
CUST0349,2024-10-28,2024-12-21,Pro,214.4,11,2,59,0
CUST0350,2024-05-13,2024-12-16,Basic,182.9,9,3,29,1
CUST0351,2021-03-24,2022-03-19,Pro,220.0,8,0,59,0
CUST0352,2024-07-04,2025-06-25,Basic,212.6,12,3,29,0
CUST0353,2022-11-26,2024-03-15,Pro,178.6,19,1,59,0
CUST0354,2020-04-12,2023-05-28,Basic,243.3,19,3,29,0
CUST0355,2021-05-25,2022-01-28,Basic,170.1,14,1,29,1
CUST0356,2022-07-23,2023-04-22,Pro,191.6,13,4,59,0
CUST0357,2024-06-29,2025-02-21,Free,0.0,3,1,0,0
CUST0358,2023-09-29,2025-03-25,Pro,212.3,8,2,59,0
CUST0359,2023-02-18,2024-10-19,Enterprise,241.6,11,2,129,0
CUST0360,2021-10-11,2024-04-04,Free,84.4,2,0,0,0
CUST0361,2023-06-08,2025-06-13,Enterprise,193.1,12,1,129,0
CUST0362,2024-12-31,2025-05-09,Free,22.3,2,0,0,0
CUST0363,2022-05-23,2025-06-18,Enterprise,178.3,8,3,129,0
CUST0364,2022-07-02,2023-05-23,Enterprise,205.3,7,2,129,0
CUST0365,2024-03-03,2025-07-02,Basic,193.6,11,2,29,0
CUST0366,2022-07-10,2023-12-22,Free,58.3,4,2,0,0
CUST0367,2024-03-19,2024-07-23,Basic,206.8,15,1,29,0
CUST0368,2024-09-16,2025-02-04,Free,38.9,4,0,0,0
CUST0369,2024-04-17,2025-05-20,Pro,176.5,8,0,59,0
CUST0370,2022-12-03,2024-04-12,Pro,179.3,11,0,59,1
CUST0371,2023-07-07,2024-03-07,Pro,215.0,16,0,59,0
CUST0372,2021-07-16,2024-01-02,Pro,214.2,12,0,59,0
CUST0373,2020-06-07,2024-06-07,Enterprise,232.2,8,3,129,0
CUST0374,2021-08-08,2022-12-01,Free,120.9,5,1,0,0
CUST0375,2021-07-10,2023-05-28,Free,50.8,1,1,0,1
CUST0376,2021-10-16,2024-10-26,Basic,142.4,11,0,29,0
CUST0377,2020-06-14,2021-03-24,Free,66.3,4,0,0,0
CUST0378,2020-11-04,2022-02-20,Basic,168.8,10,3,29,1
CUST0379,2022-02-23,2023-01-01,Enterprise,165.6,14,1,129,0
CUST0380,2023-12-17,2024-07-23,Free,9.1,7,1,0,0
CUST0381,2020-05-11,2022-09-07,Free,53.4,1,0,0,0
CUST0382,2022-04-14,2024-02-20,Pro,252.3,7,0,59,0
CUST0383,2023-01-16,2024-05-07,Basic,157.5,7,3,29,0
CUST0384,2022-05-01,2022-09-05,Basic,218.0,12,0,29,0
CUST0385,2021-02-27,2023-07-07,Basic,209.8,10,1,29,0
CUST0386,2022-03-08,2025-06-16,Free,77.7,4,0,0,0
CUST0387,2025-04-21,2025-07-19,Free,128.6,3,1,0,1
CUST0388,2020-02-10,2024-11-29,Pro,166.6,14,2,59,0
CUST0389,2024-12-08,2025-06-21,Pro,197.3,4,2,59,0
CUST0390,2023-03-25,2024-04-17,Pro,230.7,9,1,59,0
CUST0391,2022-09-03,2022-09-15,Free,86.0,4,0,0,0
CUST0392,2025-04-14,2025-05-29,Free,35.2,5,0,0,0
CUST0393,2021-09-03,2023-11-10,Basic,208.1,11,3,29,0
CUST0394,2024-10-13,2025-05-15,Pro,245.4,12,0,59,1
CUST0395,2023-01-07,2025-02-10,Pro,205.9,11,3,59,0
CUST0396,2024-02-13,2024-09-25,Pro,209.3,8,1,59,0
CUST0397,2022-09-26,2023-12-19,Basic,200.5,7,2,29,0
CUST0398,2021-07-12,2023-12-21,Pro,227.1,8,2,59,0
CUST0399,2022-09-21,2022-11-19,Free,67.9,2,1,0,1
CUST0400,2022-03-07,2024-01-24,Pro,171.5,7,2,59,0
CUST0401,2023-10-01,2024-11-18,Free,60.5,0,1,0,1
CUST0402,2024-01-23,2024-07-10,Pro,153.1,14,1,59,0
CUST0403,2024-09-17,2025-05-14,Enterprise,234.8,6,2,129,0
CUST0404,2025-02-26,2025-03-30,Pro,175.7,7,3,59,0
CUST0405,2025-07-01,2025-07-20,Pro,260.4,14,3,59,0
CUST0406,2022-12-29,2023-01-25,Basic,230.7,7,3,29,0
CUST0407,2025-01-31,2025-05-11,Enterprise,218.8,11,2,129,0
CUST0408,2023-04-27,2024-11-24,Enterprise,226.6,6,3,129,0
CUST0409,2023-09-19,2023-10-16,Pro,163.8,12,2,59,0
CUST0410,2020-06-20,2024-01-27,Pro,211.2,11,4,59,0
CUST0411,2022-05-27,2023-02-28,Free,0.4,4,0,0,0
CUST0412,2024-11-10,2025-07-04,Free,66.2,7,1,0,1
CUST0413,2021-01-07,2021-04-19,Enterprise,208.7,10,0,129,0
CUST0414,2021-06-16,2023-08-01,Free,52.2,5,0,0,0
CUST0415,2021-11-01,2023-01-08,Free,0.0,1,0,0,1
CUST0416,2022-07-20,2024-05-19,Pro,193.1,19,1,59,0
CUST0417,2021-11-22,2024-01-07,Free,35.4,3,0,0,1
CUST0418,2021-07-23,2023-12-03,Free,39.4,2,0,0,0
CUST0419,2021-05-31,2021-11-14,Basic,240.6,6,1,29,0
CUST0420,2022-08-21,2022-09-29,Free,58.5,1,0,0,0
CUST0421,2024-03-14,2024-12-15,Pro,196.5,10,4,59,0
CUST0422,2020-04-16,2022-04-02,Pro,180.9,9,2,59,0
CUST0423,2021-04-04,2024-11-25,Pro,228.5,9,2,59,0
CUST0424,2020-05-20,2024-10-05,Enterprise,189.0,6,2,129,0
CUST0425,2025-05-14,2025-05-19,Basic,244.3,6,0,29,0
CUST0426,2024-03-24,2024-04-08,Free,15.0,2,2,0,0
CUST0427,2025-04-28,2025-05-29,Basic,184.0,5,2,29,0
CUST0428,2021-02-12,2021-03-25,Free,85.9,2,0,0,0
CUST0429,2023-06-26,2023-11-29,Pro,216.0,12,1,59,0
CUST0430,2021-05-03,2022-01-16,Basic,236.9,15,1,29,0
CUST0431,2022-08-27,2023-04-18,Enterprise,132.9,13,1,129,0
CUST0432,2023-03-01,2023-10-10,Enterprise,136.4,13,1,129,0
CUST0433,2022-08-10,2024-01-16,Free,54.2,4,0,0,0
CUST0434,2024-04-19,2024-10-24,Basic,136.1,14,0,29,0
CUST0435,2020-12-09,2024-05-02,Free,57.5,1,0,0,1
CUST0436,2023-05-28,2025-07-01,Basic,173.2,12,1,29,0
CUST0437,2024-01-11,2024-05-07,Basic,194.7,4,3,29,0
CUST0438,2024-05-11,2025-07-04,Free,70.1,6,3,0,0
CUST0439,2020-12-01,2022-08-30,Free,79.7,4,0,0,0
CUST0440,2020-08-09,2023-11-07,Basic,231.2,7,1,29,0
CUST0441,2020-02-22,2025-05-08,Free,17.1,4,1,0,1
CUST0442,2021-09-30,2024-12-22,Basic,209.0,13,0,29,0
CUST0443,2023-10-19,2024-11-06,Pro,148.8,15,1,59,0
CUST0444,2022-03-23,2023-05-03,Free,3.4,3,1,0,0
CUST0445,2020-06-04,2023-09-29,Basic,223.4,9,0,29,0
CUST0446,2023-11-15,2024-07-20,Enterprise,151.3,8,4,129,1
CUST0447,2020-07-27,2024-06-23,Basic,214.0,5,1,29,1
CUST0448,2024-05-01,2024-10-02,Free,65.2,1,1,0,0
CUST0449,2024-10-07,2024-12-07,Basic,147.7,16,3,29,0
CUST0450,2024-06-18,2025-04-03,Free,67.5,1,0,0,0
CUST0451,2024-05-21,2024-06-11,Pro,214.6,9,2,59,0
CUST0452,2021-12-12,2024-12-07,Pro,153.6,8,0,59,0
CUST0453,2022-05-27,2024-06-23,Basic,186.5,9,2,29,0
CUST0454,2020-05-21,2023-03-23,Enterprise,216.6,12,0,129,0
CUST0455,2023-08-19,2024-08-02,Basic,213.6,19,1,29,0
CUST0456,2020-01-26,2024-10-30,Free,20.5,3,0,0,0
CUST0457,2022-05-10,2025-02-06,Basic,212.1,11,1,29,0
CUST0458,2020-08-04,2023-01-08,Basic,212.8,12,0,29,0
CUST0459,2025-05-21,2025-07-06,Free,59.5,0,0,0,0
CUST0460,2023-07-25,2024-11-06,Pro,190.0,10,3,59,1
CUST0461,2023-12-19,2024-05-23,Enterprise,206.8,11,3,129,0
CUST0462,2022-06-10,2023-06-05,Pro,220.8,10,1,59,1
CUST0463,2024-02-11,2025-07-29,Free,48.3,3,0,0,0
CUST0464,2025-05-31,2025-07-11,Free,86.6,7,0,0,1
CUST0465,2021-07-07,2024-12-19,Free,99.5,3,1,0,0
CUST0466,2024-07-13,2025-04-14,Basic,232.1,9,0,29,0
CUST0467,2024-05-05,2025-01-07,Pro,174.8,11,1,59,0
CUST0468,2022-08-10,2025-01-18,Enterprise,193.3,6,3,129,0
CUST0469,2024-08-18,2025-06-17,Basic,189.2,11,2,29,0
CUST0470,2021-07-03,2023-04-24,Basic,197.6,8,2,29,0
CUST0471,2024-10-10,2025-02-12,Free,86.3,2,2,0,0
CUST0472,2024-08-28,2024-10-11,Basic,191.9,14,0,29,0
CUST0473,2021-07-25,2024-02-03,Free,0.0,3,0,0,1
CUST0474,2021-05-14,2025-07-28,Pro,188.8,6,1,59,0
CUST0475,2022-08-09,2024-09-23,Pro,247.0,7,2,59,0
CUST0476,2021-11-19,2022-01-16,Free,24.2,4,1,0,0
CUST0477,2022-10-09,2024-08-04,Pro,242.0,8,1,59,1
CUST0478,2021-01-07,2023-10-02,Enterprise,165.7,13,2,129,0
CUST0479,2021-03-10,2023-03-06,Pro,153.9,8,1,59,1
CUST0480,2024-06-21,2024-10-31,Pro,143.6,13,1,59,0
CUST0481,2021-11-28,2023-06-23,Free,21.4,3,0,0,1
CUST0482,2024-12-07,2025-05-08,Pro,179.7,14,3,59,0
CUST0483,2023-12-07,2024-09-14,Basic,227.5,7,1,29,0
CUST0484,2023-02-12,2023-02-22,Free,27.0,1,0,0,1
CUST0485,2022-11-24,2025-07-21,Free,24.6,4,0,0,0
CUST0486,2021-01-26,2021-07-20,Free,87.5,3,0,0,0
CUST0487,2021-05-09,2025-05-22,Enterprise,248.7,10,0,129,0
CUST0488,2022-04-12,2025-01-06,Basic,258.5,15,0,29,0
CUST0489,2023-02-11,2025-03-28,Free,107.0,6,0,0,0
CUST0490,2021-05-07,2025-03-21,Pro,207.3,11,0,59,0
CUST0491,2022-09-02,2025-06-03,Basic,220.0,8,0,29,0
CUST0492,2022-07-06,2022-08-10,Enterprise,258.2,11,3,129,0
CUST0493,2020-07-09,2022-03-03,Pro,161.1,11,0,59,0
CUST0494,2021-03-29,2023-07-05,Basic,177.3,11,1,29,0
CUST0495,2023-11-17,2024-07-23,Free,92.6,5,0,0,0
CUST0496,2021-09-19,2025-06-09,Pro,125.4,8,1,59,0
CUST0497,2023-04-06,2024-04-17,Pro,231.1,14,2,59,0
CUST0498,2022-08-27,2024-07-31,Free,74.6,3,0,0,1
CUST0499,2022-05-21,2025-06-21,Free,126.6,1,0,0,0
CUST0500,2021-11-08,2023-10-29,Basic,180.7,10,2,29,0
CUST0501,2023-12-10,2025-03-18,Pro,174.9,13,2,59,0
CUST0502,2021-07-08,2023-03-27,Free,17.6,4,0,0,0
CUST0503,2021-05-29,2022-09-13,Pro,169.2,12,2,59,1
CUST0504,2020-09-04,2024-09-20,Free,86.9,3,0,0,0
CUST0505,2021-01-29,2022-11-06,Basic,213.7,8,0,29,1
CUST0506,2020-09-01,2024-10-31,Basic,170.6,9,2,29,0
CUST0507,2023-01-02,2025-02-20,Enterprise,212.0,6,2,129,0
CUST0508,2023-11-14,2024-05-21,Free,53.9,2,0,0,0
CUST0509,2021-01-27,2022-04-15,Basic,229.9,11,2,29,0
CUST0510,2024-02-21,2025-06-30,Enterprise,207.6,9,0,129,0
CUST0511,2021-07-20,2024-11-08,Basic,177.3,16,2,29,0
CUST0512,2025-06-23,2025-07-26,Pro,205.2,13,2,59,1
CUST0513,2023-05-07,2024-02-20,Enterprise,216.8,10,5,129,1
CUST0514,2025-07-01,2025-07-04,Free,25.6,2,0,0,0
CUST0515,2024-09-01,2024-12-09,Basic,203.9,15,0,29,0
CUST0516,2021-08-29,2022-12-07,Free,32.3,7,1,0,0
CUST0517,2022-01-09,2023-01-11,Enterprise,268.2,7,1,129,0
CUST0518,2021-09-11,2021-10-09,Pro,226.7,13,1,59,0
CUST0519,2023-12-21,2025-06-19,Basic,188.4,7,0,29,0
CUST0520,2020-09-16,2022-03-31,Basic,187.6,10,1,29,0
CUST0521,2020-04-03,2020-07-23,Free,53.8,4,0,0,0
CUST0522,2023-02-07,2023-12-03,Free,28.0,2,2,0,0
CUST0523,2023-11-29,2024-04-06,Free,0.9,4,0,0,0
CUST0524,2023-07-30,2024-12-13,Free,53.6,0,1,0,0
CUST0525,2020-07-29,2025-06-20,Basic,189.2,8,0,29,1
CUST0526,2020-01-26,2023-04-15,Basic,198.1,12,1,29,0
CUST0527,2021-08-05,2024-03-23,Free,68.6,3,0,0,0
CUST0528,2022-09-07,2025-02-25,Pro,231.2,7,2,59,0
CUST0529,2021-11-28,2022-12-10,Basic,183.4,11,2,29,0
CUST0530,2025-05-31,2025-06-03,Free,98.0,3,1,0,0
CUST0531,2021-06-01,2024-02-04,Basic,182.5,12,1,29,0
CUST0532,2020-08-21,2025-03-31,Basic,164.8,6,2,29,0
CUST0533,2020-05-13,2022-08-11,Free,86.1,4,1,0,0
CUST0534,2022-10-04,2023-03-04,Free,31.3,3,0,0,0
CUST0535,2023-03-27,2024-12-30,Basic,229.8,16,1,29,0
CUST0536,2023-11-06,2023-12-30,Basic,172.8,9,1,29,0
CUST0537,2020-11-06,2021-09-07,Pro,228.1,11,3,59,0
CUST0538,2024-07-19,2025-05-03,Free,55.5,1,0,0,0
CUST0539,2025-04-27,2025-06-04,Basic,257.6,5,0,29,0
CUST0540,2020-06-23,2021-11-13,Free,13.3,3,1,0,1
CUST0541,2020-08-30,2023-10-16,Enterprise,196.8,11,4,129,1
CUST0542,2024-04-14,2024-11-13,Free,80.0,3,0,0,1
CUST0543,2023-05-26,2025-01-25,Basic,166.0,8,0,29,1
CUST0544,2024-06-07,2025-04-19,Pro,222.8,16,4,59,0
CUST0545,2021-04-07,2024-03-12,Pro,215.9,7,1,59,0
CUST0546,2022-02-18,2024-08-28,Pro,248.7,7,1,59,0
CUST0547,2025-02-03,2025-05-27,Enterprise,240.2,9,0,129,0
CUST0548,2021-08-31,2024-12-18,Free,29.2,4,2,0,0
CUST0549,2022-05-28,2024-02-12,Pro,204.5,8,2,59,0
CUST0550,2023-03-10,2024-12-04,Pro,210.9,14,2,59,0
CUST0551,2020-05-03,2023-10-03,Pro,195.7,14,3,59,1
CUST0552,2025-05-20,2025-06-01,Free,60.2,1,0,0,1
CUST0553,2025-04-24,2025-07-30,Basic,210.2,10,2,29,0
CUST0554,2021-03-01,2024-09-02,Pro,190.0,12,3,59,0
CUST0555,2021-03-08,2022-08-31,Pro,232.0,8,2,59,0
CUST0556,2023-09-14,2023-12-06,Free,93.6,0,0,0,1
CUST0557,2020-11-17,2022-03-23,Basic,159.0,10,3,29,1
CUST0558,2020-12-21,2024-01-25,Free,12.4,1,0,0,0
CUST0559,2020-06-02,2021-04-18,Basic,181.3,13,1,29,0
CUST0560,2020-01-06,2022-04-21,Pro,217.5,10,4,59,0
CUST0561,2022-07-11,2025-02-27,Free,7.7,0,2,0,0
CUST0562,2021-08-19,2021-10-24,Free,37.7,1,1,0,0
CUST0563,2021-04-19,2022-11-30,Basic,163.0,11,0,29,0
CUST0564,2023-12-18,2024-10-02,Enterprise,155.3,7,0,129,0
CUST0565,2023-12-10,2025-03-18,Basic,182.8,9,3,29,0
CUST0566,2020-05-25,2024-04-01,Basic,232.8,7,2,29,0
CUST0567,2021-04-23,2022-10-16,Basic,219.9,8,0,29,0
CUST0568,2024-06-01,2025-07-11,Free,33.4,1,0,0,0
CUST0569,2023-07-04,2025-02-26,Free,0.0,4,1,0,0
CUST0570,2023-09-16,2024-04-05,Free,13.1,2,0,0,0
CUST0571,2022-05-20,2023-01-10,Free,64.6,1,1,0,1
CUST0572,2023-01-20,2023-09-07,Free,36.0,1,0,0,1
CUST0573,2023-08-19,2024-01-18,Enterprise,195.1,8,1,129,0
CUST0574,2025-02-03,2025-04-12,Free,56.4,2,0,0,1
CUST0575,2024-08-19,2024-10-30,Pro,170.2,10,1,59,0
CUST0576,2020-05-26,2020-09-25,Free,62.6,3,0,0,0
CUST0577,2020-12-05,2025-05-16,Enterprise,212.1,9,1,129,0
CUST0578,2021-09-21,2025-01-21,Free,33.5,5,0,0,0
CUST0579,2024-03-13,2025-05-09,Pro,170.9,11,1,59,0
CUST0580,2023-03-11,2023-12-31,Free,38.1,4,1,0,0
CUST0581,2022-06-18,2023-02-27,Pro,190.2,12,1,59,0
CUST0582,2022-08-17,2024-04-30,Pro,224.0,7,0,59,0
CUST0583,2023-12-04,2025-01-19,Free,49.8,1,1,0,1
CUST0584,2025-04-14,2025-05-18,Free,43.5,5,0,0,1
CUST0585,2022-10-21,2024-04-25,Basic,239.8,12,1,29,0
CUST0586,2022-10-08,2025-03-22,Basic,180.4,7,2,29,1
CUST0587,2020-06-13,2023-10-20,Basic,134.1,15,2,29,0
CUST0588,2020-03-22,2025-03-17,Pro,195.1,9,5,59,0
CUST0589,2022-06-03,2024-03-24,Basic,183.4,12,1,29,0
CUST0590,2023-05-21,2024-02-01,Basic,258.2,7,2,29,1
CUST0591,2020-02-22,2020-08-27,Pro,197.4,10,2,59,0
CUST0592,2021-04-13,2025-01-22,Free,66.4,1,0,0,1
CUST0593,2024-09-08,2025-06-29,Free,78.8,3,1,0,1
CUST0594,2023-04-17,2023-05-08,Basic,213.9,8,0,29,1
CUST0595,2024-04-15,2025-03-25,Free,80.2,4,1,0,1
CUST0596,2024-08-09,2024-12-24,Pro,183.5,7,0,59,0
CUST0597,2023-03-26,2023-05-06,Basic,165.0,7,1,29,1
CUST0598,2024-04-11,2025-05-03,Pro,215.6,10,0,59,0
CUST0599,2020-12-24,2023-08-14,Free,59.3,3,1,0,1
CUST0600,2022-11-28,2024-09-25,Enterprise,143.3,13,0,129,0
CUST0601,2022-06-24,2024-01-14,Pro,192.5,10,1,59,0
CUST0602,2021-01-06,2024-04-18,Free,125.0,1,1,0,0
CUST0603,2022-06-11,2025-03-14,Basic,216.5,15,2,29,0
CUST0604,2025-06-07,2025-06-12,Basic,194.2,15,2,29,0
CUST0605,2022-08-20,2024-08-01,Enterprise,271.7,7,1,129,0
CUST0606,2022-04-16,2024-02-27,Pro,211.3,7,2,59,0
CUST0607,2021-10-19,2025-07-22,Free,47.6,3,0,0,0
CUST0608,2020-08-02,2025-05-24,Basic,182.6,8,0,29,0
CUST0609,2020-11-25,2022-10-01,Free,98.0,3,1,0,0
CUST0610,2022-04-23,2025-01-31,Enterprise,224.1,15,1,129,0
CUST0611,2021-08-13,2025-04-30,Pro,221.0,5,2,59,0
CUST0612,2025-04-19,2025-06-09,Pro,284.4,16,0,59,0
CUST0613,2024-07-24,2025-05-01,Pro,228.9,11,1,59,1
CUST0614,2020-03-16,2022-10-03,Pro,192.9,12,0,59,0
CUST0615,2020-06-29,2022-04-04,Basic,216.9,10,1,29,0
CUST0616,2021-05-31,2023-03-24,Free,10.3,3,0,0,0
CUST0617,2020-08-25,2024-12-24,Pro,225.8,9,0,59,1
CUST0618,2022-04-07,2025-02-23,Pro,202.4,16,2,59,0
CUST0619,2024-08-16,2024-08-16,Pro,217.9,12,1,59,0
CUST0620,2023-09-08,2025-03-16,Enterprise,182.3,11,3,129,1
CUST0621,2022-08-04,2024-11-27,Free,84.4,4,0,0,0
CUST0622,2020-04-21,2021-05-10,Basic,176.7,6,1,29,0
CUST0623,2022-11-27,2023-12-02,Pro,209.2,12,2,59,0
CUST0624,2023-06-29,2024-11-20,Pro,167.1,12,2,59,0
CUST0625,2023-07-04,2024-09-28,Enterprise,218.6,10,3,129,1
CUST0626,2024-04-05,2024-05-01,Basic,249.2,4,2,29,0
CUST0627,2021-02-20,2022-08-20,Basic,144.1,10,1,29,0
CUST0628,2023-01-29,2023-06-12,Free,53.4,3,0,0,1
CUST0629,2025-03-14,2025-05-26,Basic,199.7,10,1,29,0
CUST0630,2022-06-16,2025-03-04,Pro,209.2,8,0,59,0
CUST0631,2020-09-05,2020-11-03,Pro,197.1,11,0,59,0
CUST0632,2025-06-16,2025-07-26,Free,16.8,5,2,0,0
CUST0633,2023-05-31,2024-01-31,Enterprise,200.3,9,1,129,0
CUST0634,2023-12-24,2024-06-03,Free,66.8,3,0,0,0
CUST0635,2021-09-28,2024-10-30,Free,64.8,2,0,0,1
CUST0636,2020-01-29,2023-03-05,Enterprise,114.4,8,1,129,0
CUST0637,2022-04-15,2022-10-22,Enterprise,201.4,9,2,129,0
CUST0638,2021-04-05,2021-11-23,Basic,216.8,9,4,29,0
CUST0639,2022-08-03,2023-03-31,Pro,208.3,11,1,59,0
CUST0640,2023-08-19,2024-01-23,Basic,200.3,9,2,29,0
CUST0641,2022-10-17,2025-05-29,Pro,177.2,10,0,59,0
CUST0642,2024-01-07,2024-10-31,Basic,178.4,6,3,29,0
CUST0643,2022-11-08,2024-10-30,Basic,229.9,18,3,29,0
CUST0644,2021-07-13,2023-11-10,Basic,191.4,12,1,29,0
CUST0645,2024-09-05,2025-05-10,Basic,159.2,10,0,29,0
CUST0646,2025-06-30,2025-07-30,Enterprise,167.6,9,2,129,0
CUST0647,2021-05-14,2023-12-05,Pro,176.6,12,2,59,0
CUST0648,2023-02-02,2023-06-30,Free,56.1,3,1,0,0
CUST0649,2022-02-24,2023-03-21,Basic,224.4,6,1,29,0
CUST0650,2025-03-02,2025-07-10,Pro,265.6,7,4,59,0
CUST0651,2024-03-08,2025-06-01,Basic,201.3,14,1,29,0
CUST0652,2020-10-06,2021-02-25,Pro,147.6,8,2,59,0
CUST0653,2021-07-19,2023-11-15,Basic,228.0,12,1,29,0
CUST0654,2021-11-27,2024-10-01,Basic,232.9,8,1,29,1
CUST0655,2021-07-01,2021-07-06,Basic,209.7,3,1,29,0
CUST0656,2021-08-02,2023-04-05,Basic,268.3,8,1,29,1
CUST0657,2024-09-11,2025-07-08,Pro,181.9,13,3,59,0
CUST0658,2023-04-02,2025-02-05,Basic,209.5,5,1,29,0
CUST0659,2022-09-29,2023-07-30,Pro,185.0,5,2,59,0
CUST0660,2022-07-03,2025-07-10,Pro,213.2,11,0,59,0
CUST0661,2022-09-18,2024-08-24,Free,37.8,5,1,0,0
CUST0662,2021-11-11,2024-12-15,Basic,181.5,8,0,29,0
CUST0663,2024-04-11,2025-01-14,Pro,214.6,11,4,59,0
CUST0664,2022-02-11,2024-08-31,Pro,232.2,12,0,59,0
CUST0665,2025-03-25,2025-06-15,Basic,206.0,8,0,29,1
CUST0666,2024-11-15,2025-02-19,Basic,218.3,10,3,29,0
CUST0667,2025-07-01,2025-07-23,Free,40.3,5,1,0,0
CUST0668,2021-05-04,2024-07-18,Basic,203.3,7,0,29,0
CUST0669,2022-02-23,2023-06-16,Enterprise,216.6,9,1,129,0
CUST0670,2024-10-19,2025-05-17,Basic,220.4,7,0,29,0
CUST0671,2020-03-30,2022-01-10,Basic,202.9,13,1,29,0
CUST0672,2024-03-05,2025-07-02,Free,32.2,5,0,0,0
CUST0673,2023-12-15,2025-01-08,Free,75.5,3,1,0,0
CUST0674,2022-03-01,2023-01-06,Pro,212.5,14,1,59,1
CUST0675,2022-10-11,2022-12-25,Free,14.2,2,0,0,1
CUST0676,2020-09-15,2023-07-10,Free,58.6,4,1,0,0
CUST0677,2025-05-31,2025-07-07,Pro,244.0,8,2,59,0
CUST0678,2021-11-10,2022-06-03,Basic,216.2,11,2,29,0
CUST0679,2024-11-25,2025-06-29,Pro,198.5,8,1,59,0
CUST0680,2022-06-20,2023-01-10,Free,64.7,2,0,0,0
CUST0681,2022-12-13,2025-07-02,Free,90.4,4,0,0,0
CUST0682,2022-07-24,2022-08-24,Pro,162.2,11,1,59,0
CUST0683,2024-01-19,2024-06-14,Pro,167.3,13,3,59,0
CUST0684,2022-04-19,2023-03-01,Basic,223.8,8,2,29,1
CUST0685,2020-06-02,2023-01-19,Pro,197.0,8,2,59,0
CUST0686,2024-05-19,2024-10-01,Free,48.3,2,1,0,0
CUST0687,2021-11-24,2025-05-23,Basic,173.1,8,1,29,0
CUST0688,2023-11-19,2024-12-30,Pro,206.6,10,0,59,1
CUST0689,2023-08-23,2023-11-13,Enterprise,184.8,5,2,129,0
CUST0690,2024-10-10,2025-03-27,Enterprise,174.5,11,0,129,1
CUST0691,2024-10-11,2025-07-11,Pro,189.8,3,4,59,0
CUST0692,2022-02-17,2023-11-27,Pro,194.8,6,1,59,0
CUST0693,2023-07-07,2025-07-11,Basic,199.8,13,3,29,0
CUST0694,2024-12-22,2025-07-04,Pro,204.7,9,0,59,0
CUST0695,2022-09-26,2022-12-08,Pro,178.0,12,1,59,1
CUST0696,2023-06-18,2023-08-27,Pro,179.9,14,1,59,0
CUST0697,2021-04-25,2024-11-07,Free,14.9,1,0,0,1
CUST0698,2023-11-02,2024-08-22,Basic,268.2,12,2,29,0
CUST0699,2021-04-10,2025-06-17,Pro,190.8,12,1,59,0
CUST0700,2020-07-04,2022-12-09,Basic,236.0,10,4,29,0
CUST0701,2025-06-26,2025-07-02,Free,1.5,6,0,0,0
CUST0702,2024-04-06,2025-02-24,Pro,193.1,9,0,59,0
CUST0703,2023-12-12,2024-03-23,Basic,205.9,9,0,29,1
CUST0704,2022-06-27,2023-06-02,Pro,212.0,8,0,59,1
CUST0705,2023-11-22,2024-09-23,Free,12.3,5,0,0,0
CUST0706,2025-01-24,2025-01-31,Enterprise,221.9,9,1,129,0
CUST0707,2020-04-04,2022-01-28,Free,6.7,0,2,0,0
CUST0708,2024-06-18,2024-07-16,Free,35.5,3,1,0,0
CUST0709,2021-08-23,2023-08-27,Pro,170.2,9,3,59,1
CUST0710,2022-02-06,2024-07-07,Pro,156.6,13,2,59,1
CUST0711,2020-10-25,2022-03-09,Free,53.8,2,1,0,0
CUST0712,2022-12-23,2024-02-17,Free,14.7,4,0,0,0
CUST0713,2023-03-05,2025-01-31,Basic,206.3,10,1,29,0
CUST0714,2024-06-11,2024-09-11,Free,35.3,4,0,0,0
CUST0715,2020-12-14,2021-12-07,Free,65.6,4,0,0,0
CUST0716,2020-06-10,2023-11-10,Free,64.9,3,0,0,0
CUST0717,2024-11-18,2025-06-01,Pro,211.8,5,2,59,0
CUST0718,2023-06-23,2025-05-22,Free,30.2,4,0,0,0
CUST0719,2021-05-08,2024-02-21,Free,80.9,2,1,0,1
CUST0720,2025-02-12,2025-07-11,Basic,223.9,9,2,29,0
CUST0721,2020-10-20,2022-02-07,Pro,149.3,10,1,59,0
CUST0722,2022-08-02,2024-01-04,Basic,170.6,5,2,29,0
CUST0723,2022-07-30,2024-01-03,Basic,198.4,10,1,29,1
CUST0724,2023-09-27,2023-10-06,Basic,195.9,7,2,29,0
CUST0725,2025-01-14,2025-05-13,Free,92.8,2,1,0,1
CUST0726,2025-01-19,2025-04-02,Free,37.4,5,0,0,0
CUST0727,2023-10-19,2025-04-30,Free,48.1,6,1,0,0
CUST0728,2020-11-19,2021-04-19,Free,57.2,5,0,0,0
CUST0729,2022-06-23,2024-05-30,Pro,175.8,11,1,59,0
CUST0730,2023-04-18,2024-02-18,Pro,202.3,13,2,59,1
CUST0731,2023-08-01,2024-10-08,Basic,180.9,4,0,29,0
CUST0732,2023-11-14,2024-07-27,Pro,201.7,6,0,59,0
CUST0733,2022-07-24,2024-04-02,Free,9.0,3,0,0,0
CUST0734,2021-02-11,2023-04-09,Pro,178.7,10,1,59,0
CUST0735,2024-10-13,2025-06-17,Basic,159.8,13,0,29,0
CUST0736,2020-08-06,2021-12-04,Pro,213.0,11,2,59,0
CUST0737,2022-02-20,2025-05-06,Pro,176.8,15,0,59,1
CUST0738,2022-01-05,2025-03-27,Free,98.3,2,0,0,0
CUST0739,2021-08-28,2025-07-30,Basic,236.3,13,1,29,0
CUST0740,2021-08-27,2021-10-10,Pro,180.2,12,1,59,0
CUST0741,2025-06-25,2025-07-20,Free,90.0,3,1,0,0
CUST0742,2021-07-16,2021-08-01,Pro,144.2,5,3,59,0
CUST0743,2023-03-05,2025-02-04,Pro,197.8,6,0,59,0
CUST0744,2024-05-12,2025-05-28,Basic,174.3,11,1,29,0
CUST0745,2025-06-16,2025-06-19,Pro,200.1,8,2,59,0
CUST0746,2025-02-07,2025-07-12,Basic,236.9,11,2,29,0
CUST0747,2024-03-06,2025-07-27,Basic,223.7,7,3,29,0
CUST0748,2024-09-01,2025-01-25,Basic,229.1,17,3,29,0
CUST0749,2024-05-07,2025-06-20,Basic,191.2,10,1,29,0
CUST0750,2021-04-16,2024-09-10,Basic,243.6,10,1,29,0
CUST0751,2024-06-30,2024-12-27,Free,58.6,3,1,0,0
CUST0752,2021-03-24,2024-10-17,Basic,195.6,5,2,29,0
CUST0753,2021-01-24,2024-07-18,Free,59.4,3,0,0,0
CUST0754,2021-05-28,2025-03-16,Free,103.5,4,0,0,0
CUST0755,2024-03-27,2025-03-31,Enterprise,247.9,10,2,129,0
CUST0756,2024-04-20,2025-03-23,Free,72.0,3,0,0,0
CUST0757,2023-10-26,2024-03-14,Pro,162.9,7,5,59,0
CUST0758,2023-07-10,2023-10-17,Free,87.6,4,0,0,0
CUST0759,2025-01-24,2025-07-03,Basic,224.8,10,4,29,1
CUST0760,2023-08-16,2023-09-25,Free,82.1,3,1,0,0
CUST0761,2021-09-24,2024-03-14,Pro,161.9,9,4,59,0
CUST0762,2020-03-09,2023-06-08,Free,36.8,3,0,0,0
CUST0763,2022-01-17,2022-10-13,Pro,246.3,11,0,59,0
CUST0764,2020-07-03,2022-02-27,Basic,202.6,8,1,29,0
CUST0765,2021-10-31,2024-02-28,Basic,199.5,4,3,29,1
CUST0766,2020-12-25,2022-02-09,Free,65.2,2,0,0,0
CUST0767,2020-09-27,2025-02-23,Pro,177.0,11,4,59,0
CUST0768,2023-01-09,2025-06-24,Basic,202.0,6,2,29,0
CUST0769,2025-06-12,2025-07-05,Basic,196.0,9,1,29,0
CUST0770,2022-12-23,2024-05-19,Free,65.6,2,0,0,0
CUST0771,2025-02-13,2025-04-23,Pro,191.8,5,4,59,0
CUST0772,2024-08-27,2024-11-19,Pro,199.6,13,1,59,0
CUST0773,2021-06-10,2024-02-21,Enterprise,186.7,7,0,129,0
CUST0774,2025-06-04,2025-07-25,Enterprise,183.3,9,3,129,0
CUST0775,2021-08-27,2023-07-21,Free,72.4,3,1,0,0
CUST0776,2024-07-05,2024-09-01,Free,59.8,2,0,0,0
CUST0777,2022-08-17,2023-01-18,Basic,197.2,9,2,29,0
CUST0778,2020-10-15,2025-01-06,Free,50.5,2,1,0,0
CUST0779,2025-06-02,2025-06-16,Basic,196.3,15,1,29,1
CUST0780,2024-10-27,2025-05-18,Enterprise,200.5,12,2,129,0
CUST0781,2025-06-03,2025-07-27,Free,43.2,4,0,0,0
CUST0782,2024-07-05,2025-04-16,Enterprise,243.2,11,1,129,0
CUST0783,2022-01-19,2022-07-22,Basic,221.7,8,1,29,0
CUST0784,2024-06-07,2024-12-26,Free,51.8,3,1,0,0
CUST0785,2020-01-29,2021-07-23,Basic,239.6,12,2,29,0
CUST0786,2023-01-03,2023-05-09,Basic,205.1,11,2,29,0
CUST0787,2022-07-20,2024-08-12,Pro,199.2,15,4,59,0
CUST0788,2023-10-09,2024-07-03,Pro,243.7,8,1,59,0
CUST0789,2023-04-12,2024-05-06,Basic,187.6,11,3,29,0
CUST0790,2024-08-11,2025-07-03,Pro,177.8,6,2,59,0
CUST0791,2025-04-09,2025-05-26,Free,60.8,3,0,0,1
CUST0792,2020-08-09,2024-05-22,Basic,229.0,12,1,29,0
CUST0793,2021-04-23,2023-12-14,Free,30.8,6,0,0,0
CUST0794,2020-02-21,2023-08-12,Pro,219.8,9,3,59,0
CUST0795,2024-12-15,2025-05-07,Enterprise,193.7,14,0,129,0
CUST0796,2021-11-02,2025-04-04,Free,40.6,2,1,0,0
CUST0797,2021-03-29,2024-11-14,Free,30.3,5,0,0,0
CUST0798,2020-05-09,2023-12-01,Enterprise,192.2,16,0,129,0
CUST0799,2024-08-14,2025-04-08,Pro,206.0,12,2,59,0
CUST0800,2025-02-05,2025-04-23,Basic,199.7,5,2,29,1
CUST0801,2023-08-22,2024-10-13,Free,26.8,1,3,0,1
CUST0802,2020-08-26,2021-06-08,Basic,185.1,11,1,29,0
CUST0803,2020-04-02,2025-07-22,Basic,191.8,10,6,29,0
CUST0804,2020-03-17,2021-11-30,Basic,134.0,8,2,29,0
CUST0805,2022-10-05,2023-05-30,Basic,194.3,9,2,29,0
CUST0806,2020-07-18,2021-11-10,Pro,155.1,3,2,59,0
CUST0807,2024-12-22,2025-05-08,Enterprise,212.9,10,2,129,0
CUST0808,2020-10-04,2022-12-08,Free,72.2,4,0,0,1
CUST0809,2022-07-18,2024-08-15,Enterprise,188.0,11,2,129,0
CUST0810,2023-10-05,2025-04-10,Free,19.1,3,0,0,0
CUST0811,2022-05-08,2023-03-20,Free,82.8,3,2,0,0
CUST0812,2024-12-18,2025-04-03,Basic,155.7,9,3,29,0
CUST0813,2023-09-03,2023-12-13,Basic,193.8,7,1,29,0
CUST0814,2024-09-03,2025-05-11,Free,83.6,4,0,0,0
CUST0815,2023-06-14,2024-08-04,Basic,227.8,16,3,29,0
CUST0816,2025-04-07,2025-05-12,Basic,197.3,7,0,29,0
CUST0817,2020-03-08,2024-01-20,Free,62.6,3,0,0,0
CUST0818,2022-01-28,2023-04-17,Free,60.8,5,0,0,0
CUST0819,2022-06-27,2024-12-23,Pro,197.0,11,1,59,0
CUST0820,2025-04-30,2025-05-30,Basic,185.5,10,2,29,0
CUST0821,2024-10-17,2025-04-20,Pro,190.2,11,0,59,0
CUST0822,2020-07-22,2024-05-26,Pro,203.7,10,0,59,0
CUST0823,2022-01-22,2025-02-10,Basic,258.8,10,2,29,0
CUST0824,2025-01-20,2025-07-04,Pro,213.5,9,1,59,0
CUST0825,2022-01-04,2022-05-08,Free,86.2,4,0,0,0
CUST0826,2022-03-26,2023-10-12,Enterprise,132.6,8,1,129,0
CUST0827,2021-01-23,2021-09-30,Enterprise,176.4,11,2,129,0
CUST0828,2025-04-27,2025-06-24,Free,26.5,4,0,0,0
CUST0829,2020-07-06,2024-03-24,Free,72.6,2,1,0,0
CUST0830,2021-03-10,2024-10-14,Basic,181.6,12,4,29,0
CUST0831,2023-08-02,2025-04-04,Enterprise,168.3,12,2,129,0
CUST0832,2025-06-11,2025-06-12,Free,39.4,4,1,0,1
CUST0833,2020-04-13,2024-09-10,Basic,198.1,14,2,29,0
CUST0834,2021-11-14,2023-03-27,Pro,156.5,10,1,59,0
CUST0835,2020-09-14,2025-02-11,Free,13.5,2,1,0,0
CUST0836,2023-03-02,2023-09-28,Free,49.7,5,0,0,0
CUST0837,2020-05-20,2025-01-13,Pro,154.4,5,2,59,0
CUST0838,2024-04-16,2025-01-24,Basic,228.4,14,1,29,0
CUST0839,2021-02-28,2024-06-12,Free,53.4,1,0,0,0
CUST0840,2021-03-18,2022-07-08,Pro,213.8,9,2,59,0
CUST0841,2021-11-03,2022-09-01,Enterprise,219.8,15,2,129,0
CUST0842,2024-06-03,2025-04-04,Free,103.0,3,0,0,0
CUST0843,2020-01-06,2021-07-26,Free,101.5,3,1,0,1
CUST0844,2024-10-24,2025-01-06,Free,47.1,4,1,0,0
CUST0845,2020-09-23,2023-10-04,Enterprise,190.4,13,1,129,0
CUST0846,2021-05-28,2022-05-20,Pro,216.3,9,2,59,1
CUST0847,2020-08-13,2024-04-27,Basic,173.7,10,2,29,0
CUST0848,2024-11-09,2024-11-22,Enterprise,175.8,13,1,129,0
CUST0849,2020-09-26,2020-10-26,Pro,178.2,15,1,59,0
CUST0850,2022-01-03,2023-05-05,Basic,221.8,10,0,29,0
CUST0851,2023-04-20,2024-03-16,Basic,210.8,9,1,29,1
CUST0852,2020-02-02,2021-01-23,Free,35.0,2,1,0,0
CUST0853,2021-06-27,2021-10-12,Free,14.6,6,0,0,0
CUST0854,2020-09-16,2024-11-13,Pro,200.9,9,1,59,0
CUST0855,2022-05-12,2025-04-23,Basic,270.6,14,3,29,0
CUST0856,2020-08-20,2024-10-25,Free,33.4,0,1,0,0
CUST0857,2020-05-10,2023-01-10,Pro,213.5,8,0,59,0
CUST0858,2022-07-07,2024-07-17,Pro,192.1,9,0,59,0
CUST0859,2022-11-17,2024-07-16,Free,36.6,4,0,0,0
CUST0860,2020-08-11,2023-02-22,Pro,163.6,8,3,59,0
CUST0861,2022-10-28,2023-06-11,Pro,200.6,10,3,59,0
CUST0862,2025-04-20,2025-07-07,Basic,156.0,6,2,29,0
CUST0863,2020-03-29,2024-04-26,Free,79.0,0,1,0,0
CUST0864,2024-05-23,2025-04-25,Basic,179.7,7,2,29,0
CUST0865,2022-12-03,2023-10-07,Free,26.5,5,0,0,0
CUST0866,2022-07-27,2022-09-28,Free,68.0,5,0,0,0
CUST0867,2020-05-04,2023-01-09,Basic,255.5,16,0,29,0
CUST0868,2024-10-01,2025-04-24,Basic,192.1,7,2,29,0
CUST0869,2022-05-23,2022-12-30,Basic,196.3,11,3,29,0
CUST0870,2022-10-01,2025-03-27,Free,0.0,1,0,0,0
CUST0871,2020-05-30,2025-06-14,Free,12.5,4,1,0,0
CUST0872,2020-06-14,2022-04-04,Pro,192.0,10,0,59,0
CUST0873,2023-05-30,2023-10-28,Pro,166.9,11,1,59,0
CUST0874,2020-05-14,2021-01-27,Enterprise,224.6,6,1,129,0
CUST0875,2021-07-17,2025-01-15,Pro,287.8,8,0,59,0
CUST0876,2023-07-20,2025-03-10,Free,20.2,4,0,0,0
CUST0877,2023-01-28,2025-01-26,Pro,162.8,10,0,59,0
CUST0878,2021-10-27,2023-12-16,Pro,228.8,7,1,59,0
CUST0879,2023-05-08,2024-11-01,Free,60.8,3,1,0,0
CUST0880,2021-08-26,2024-03-12,Basic,172.7,8,3,29,0
CUST0881,2022-11-01,2024-07-12,Free,0.0,3,1,0,0
CUST0882,2022-05-31,2022-12-20,Basic,189.5,13,2,29,0
CUST0883,2024-06-12,2025-06-06,Pro,140.3,6,1,59,0
CUST0884,2020-08-22,2025-06-03,Basic,179.8,18,1,29,0
CUST0885,2023-09-02,2025-06-29,Basic,232.7,4,1,29,0
CUST0886,2024-12-02,2025-06-16,Basic,206.3,14,0,29,0
CUST0887,2023-02-03,2025-02-10,Enterprise,147.4,11,1,129,0
CUST0888,2024-11-07,2025-02-25,Free,24.2,4,1,0,0
CUST0889,2022-05-30,2024-12-09,Pro,189.5,5,4,59,0
CUST0890,2024-12-23,2025-02-19,Basic,193.9,7,2,29,0
CUST0891,2022-04-27,2024-03-21,Pro,221.1,9,2,59,0
CUST0892,2024-08-21,2025-04-10,Basic,184.2,10,2,29,0
CUST0893,2022-03-27,2024-07-25,Basic,196.7,10,1,29,0
CUST0894,2024-02-03,2024-05-10,Basic,188.7,12,1,29,0
CUST0895,2021-10-02,2024-02-23,Basic,175.1,12,0,29,0
CUST0896,2021-10-02,2025-06-25,Pro,252.9,7,2,59,0
CUST0897,2021-06-06,2023-07-12,Basic,191.5,12,1,29,0
CUST0898,2025-05-06,2025-05-25,Basic,219.2,9,1,29,0
CUST0899,2023-11-07,2025-03-06,Enterprise,233.0,11,3,129,0
CUST0900,2020-05-17,2020-11-19,Enterprise,194.3,12,1,129,1
CUST0901,2024-08-30,2024-10-12,Pro,196.7,11,0,59,0
CUST0902,2020-07-09,2022-12-10,Basic,191.3,9,0,29,0
CUST0903,2020-07-16,2024-09-17,Basic,181.5,11,0,29,0
CUST0904,2024-02-22,2025-03-09,Pro,169.3,12,2,59,0
CUST0905,2024-07-20,2024-09-24,Pro,132.8,8,2,59,0
CUST0906,2023-02-13,2023-04-15,Basic,200.2,14,3,29,0
CUST0907,2023-04-16,2024-11-11,Free,51.5,2,1,0,0
CUST0908,2023-02-24,2024-01-27,Basic,221.7,14,2,29,1
CUST0909,2023-10-04,2024-02-06,Pro,251.2,8,3,59,0
CUST0910,2022-04-21,2024-04-14,Free,26.9,4,0,0,0
CUST0911,2024-11-24,2025-05-13,Basic,207.9,15,0,29,0
CUST0912,2025-04-11,2025-07-16,Enterprise,198.8,10,0,129,0
CUST0913,2022-05-16,2022-08-29,Pro,207.0,15,1,59,0
CUST0914,2025-06-06,2025-06-24,Free,28.5,4,1,0,0
CUST0915,2023-05-14,2024-03-28,Free,27.1,3,2,0,0
CUST0916,2021-12-21,2022-07-21,Free,61.6,4,0,0,0
CUST0917,2023-03-29,2024-08-29,Pro,256.1,7,1,59,0
CUST0918,2021-03-11,2022-01-21,Pro,201.0,15,1,59,1
CUST0919,2023-09-06,2025-01-11,Free,49.5,2,0,0,0
CUST0920,2021-04-04,2021-11-11,Free,70.5,3,1,0,0
CUST0921,2021-12-18,2025-01-30,Free,71.7,1,0,0,0
CUST0922,2022-01-22,2022-09-14,Free,63.5,3,2,0,0
CUST0923,2024-04-10,2024-08-30,Basic,247.4,9,2,29,0
CUST0924,2023-03-21,2023-11-07,Free,31.6,3,0,0,0
CUST0925,2024-07-11,2025-02-15,Pro,228.9,11,0,59,0
CUST0926,2024-09-26,2025-07-10,Pro,190.8,11,1,59,0
CUST0927,2025-06-18,2025-07-27,Basic,229.4,8,1,29,0
CUST0928,2023-06-10,2025-05-01,Free,70.1,1,0,0,0
CUST0929,2023-08-09,2025-03-01,Pro,183.4,9,1,59,1
CUST0930,2020-02-23,2023-07-24,Pro,167.1,10,2,59,0
CUST0931,2025-03-17,2025-05-24,Free,114.8,3,0,0,0
CUST0932,2020-02-29,2021-03-04,Basic,144.2,6,2,29,0
CUST0933,2021-07-13,2025-06-21,Pro,149.0,14,0,59,0
CUST0934,2024-04-10,2024-09-15,Pro,198.0,6,1,59,1
CUST0935,2025-03-02,2025-05-27,Basic,181.1,12,0,29,0
CUST0936,2021-12-19,2021-12-31,Pro,201.6,12,0,59,1
CUST0937,2021-01-06,2021-10-26,Free,31.9,4,0,0,0
CUST0938,2023-03-05,2025-01-06,Basic,214.9,9,2,29,0
CUST0939,2022-03-31,2022-08-20,Basic,210.3,4,0,29,1
CUST0940,2020-10-17,2024-12-12,Basic,170.3,6,2,29,0
CUST0941,2023-07-20,2023-08-20,Basic,197.7,11,2,29,1
CUST0942,2020-07-06,2024-09-11,Pro,186.3,12,0,59,0
CUST0943,2022-12-22,2023-07-30,Pro,190.4,9,2,59,0
CUST0944,2022-02-09,2024-06-17,Basic,156.3,5,0,29,0
CUST0945,2022-07-18,2024-06-15,Enterprise,209.2,12,2,129,0
CUST0946,2020-11-18,2022-12-15,Free,33.5,1,1,0,0
CUST0947,2021-09-30,2023-07-26,Free,83.0,6,0,0,0
CUST0948,2024-05-09,2025-02-23,Basic,221.5,13,2,29,0
CUST0949,2023-05-06,2023-07-31,Free,55.3,1,1,0,1
CUST0950,2024-12-14,2024-12-27,Enterprise,192.9,8,2,129,0
CUST0951,2020-11-14,2021-10-02,Free,45.7,5,0,0,0
CUST0952,2024-03-25,2025-02-04,Pro,195.0,8,2,59,0
CUST0953,2020-04-11,2024-01-21,Pro,184.6,11,1,59,0
CUST0954,2020-06-16,2021-12-25,Free,70.5,1,1,0,1
CUST0955,2022-06-26,2024-11-10,Pro,194.8,10,0,59,0
CUST0956,2022-09-21,2025-03-14,Basic,233.0,11,2,29,0
CUST0957,2022-04-28,2023-11-08,Pro,199.3,12,1,59,1
CUST0958,2021-03-17,2025-06-10,Pro,157.3,9,1,59,0
CUST0959,2022-11-15,2023-03-11,Basic,226.4,8,0,29,1
CUST0960,2021-12-07,2024-05-05,Pro,157.0,7,2,59,0
CUST0961,2020-08-15,2022-03-18,Free,63.2,2,1,0,0
CUST0962,2023-10-20,2025-06-18,Enterprise,197.1,15,1,129,0
CUST0963,2022-09-23,2024-06-15,Free,67.2,4,0,0,0
CUST0964,2020-04-03,2021-06-28,Basic,174.2,9,2,29,0
CUST0965,2022-03-20,2025-07-29,Pro,143.0,11,1,59,0
CUST0966,2020-04-22,2020-05-07,Free,46.2,0,0,0,0
CUST0967,2021-02-22,2022-11-01,Enterprise,177.0,10,2,129,0
CUST0968,2025-04-20,2025-05-17,Basic,186.2,8,1,29,0
CUST0969,2024-04-20,2024-06-29,Free,69.7,3,0,0,0
CUST0970,2024-04-14,2024-08-22,Free,45.8,2,0,0,0
CUST0971,2021-08-15,2023-06-17,Basic,145.1,8,1,29,0
CUST0972,2020-09-02,2020-09-17,Pro,218.5,8,1,59,0
CUST0973,2022-10-15,2024-11-17,Basic,193.2,13,0,29,0
CUST0974,2022-05-31,2023-05-25,Pro,157.8,13,0,59,0
CUST0975,2020-09-21,2022-11-08,Pro,198.0,8,0,59,0
CUST0976,2022-12-26,2024-12-15,Enterprise,189.3,21,2,129,0
CUST0977,2021-04-16,2024-02-04,Enterprise,238.1,5,1,129,0
CUST0978,2023-02-18,2025-06-20,Free,64.7,4,0,0,0
CUST0979,2023-09-30,2024-09-26,Basic,250.8,10,1,29,0
CUST0980,2020-05-27,2022-08-18,Enterprise,204.3,14,2,129,0
CUST0981,2024-10-30,2024-11-20,Free,65.0,1,0,0,1
CUST0982,2022-06-12,2022-07-20,Pro,200.3,11,0,59,0
CUST0983,2022-07-30,2023-01-05,Pro,226.4,7,0,59,0
CUST0984,2024-10-31,2025-04-09,Basic,169.6,9,1,29,0
CUST0985,2023-03-25,2024-06-06,Pro,152.6,14,0,59,0
CUST0986,2023-03-20,2024-05-07,Free,25.5,1,1,0,1
CUST0987,2023-12-24,2025-02-23,Pro,249.9,11,2,59,1
CUST0988,2021-08-15,2022-04-07,Basic,192.8,10,2,29,0
CUST0989,2022-04-09,2022-05-21,Enterprise,221.9,11,0,129,1
CUST0990,2025-06-01,2025-06-21,Basic,217.8,7,1,29,0
CUST0991,2020-12-17,2025-06-15,Free,41.4,3,0,0,1
CUST0992,2025-04-24,2025-07-12,Pro,207.4,5,1,59,0
CUST0993,2022-07-31,2024-08-10,Basic,165.8,7,1,29,0
CUST0994,2020-06-29,2022-12-10,Pro,188.4,14,2,59,0
CUST0995,2024-09-25,2024-11-18,Free,26.4,8,1,0,0
CUST0996,2021-05-13,2023-10-22,Basic,206.1,7,1,29,0
CUST0997,2023-04-21,2024-06-04,Basic,167.3,11,0,29,0
CUST0998,2022-12-09,2023-02-27,Free,45.7,1,0,0,0
CUST0999,2022-03-21,2023-12-16,Free,41.7,1,2,0,0
CUST1000,2024-03-07,2025-02-17,Free,39.8,3,1,0,0
